model,suite,base_group,rows,freshness
01-ai--Yi-1.5-34B-Chat,bigcodebench-complete,,2280,v0.2.5 published 2025-04-11
01-ai--Yi-1.5-34B-Chat,bigcodebench-instruct,,2280,v0.2.5 published 2025-04-11
01-ai--Yi-1.5-6B-Chat,bigcodebench-complete,,2280,v0.2.5 published 2025-04-11
01-ai--Yi-1.5-6B-Chat,bigcodebench-instruct,,2280,v0.2.5 published 2025-04-11
01-ai--Yi-1.5-9B-Chat,bigcodebench-complete,,2280,v0.2.5 published 2025-04-11
01-ai--Yi-1.5-9B-Chat,bigcodebench-instruct,,2280,v0.2.5 published 2025-04-11
01-ai--Yi-Coder-9B-Chat,bigcodebench-complete,,2280,v0.2.5 published 2025-04-11
01-ai--Yi-Coder-9B-Chat,bigcodebench-hard-complete,,296,v0.2.5 published 2025-04-11
01-ai--Yi-Coder-9B-Chat,bigcodebench-hard-instruct,,296,v0.2.5 published 2025-04-11
01-ai--Yi-Coder-9B-Chat,bigcodebench-instruct,,2280,v0.2.5 published 2025-04-11
Artigenz--Artigenz-Coder-DS-6.7B,bigcodebench-complete,,2280,v0.2.5 published 2025-04-11
Artigenz--Artigenz-Coder-DS-6.7B,bigcodebench-instruct,,2280,v0.2.5 published 2025-04-11
Bin12345--AutoCoder,bigcodebench-complete,,2280,v0.2.5 published 2025-04-11
Bin12345--AutoCoder,bigcodebench-instruct,,2280,v0.2.5 published 2025-04-11
Bin12345--AutoCoder_QW_7B,bigcodebench-complete,,2280,v0.2.5 published 2025-04-11
Bin12345--AutoCoder_QW_7B,bigcodebench-instruct,,2280,v0.2.5 published 2025-04-11
Bin12345--AutoCoder_S_6.7B,bigcodebench-complete,,2280,v0.2.5 published 2025-04-11
Bin12345--AutoCoder_S_6.7B,bigcodebench-instruct,,2280,v0.2.5 published 2025-04-11
CohereForAI--c4ai-command-r-08-2024,bigcodebench-complete,,2280,v0.2.5 published 2025-04-11
CohereForAI--c4ai-command-r-08-2024,bigcodebench-instruct,,2280,v0.2.5 published 2025-04-11
CohereForAI--c4ai-command-r-plus,bigcodebench-complete,,2280,v0.2.5 published 2025-04-11
CohereForAI--c4ai-command-r-plus,bigcodebench-instruct,,2280,v0.2.5 published 2025-04-11
CohereForAI--c4ai-command-r-plus-08-2024,bigcodebench-hard-complete,,296,v0.2.5 published 2025-04-11
CohereForAI--c4ai-command-r-plus-08-2024,bigcodebench-hard-instruct,,296,v0.2.5 published 2025-04-11
NTQAI--Nxcode-CQ-7B-orpo,bigcodebench-complete,,2280,v0.2.5 published 2025-04-11
NTQAI--Nxcode-CQ-7B-orpo,bigcodebench-instruct,,2280,v0.2.5 published 2025-04-11
Nexusflow--Athene-70B,bigcodebench-complete,,2280,v0.2.5 published 2025-04-11
Nexusflow--Athene-70B,bigcodebench-instruct,,2280,v0.2.5 published 2025-04-11
Nexusflow--Athene-V2-Agent,bigcodebench-complete,,1140,v0.2.5 published 2025-04-11
Nexusflow--Athene-V2-Agent,bigcodebench-instruct,,1140,v0.2.5 published 2025-04-11
Nexusflow--Athene-V2-Chat,bigcodebench-complete,,1140,v0.2.5 published 2025-04-11
Nexusflow--Athene-V2-Chat,bigcodebench-instruct,,1140,v0.2.5 published 2025-04-11
NousResearch--Hermes-2-Pro-Llama-3-70B,bigcodebench-complete,,2280,v0.2.5 published 2025-04-11
NousResearch--Hermes-2-Pro-Llama-3-70B,bigcodebench-instruct,,2280,v0.2.5 published 2025-04-11
NousResearch--Hermes-2-Theta-Llama-3-70B,bigcodebench-complete,,2280,v0.2.5 published 2025-04-11
NousResearch--Hermes-2-Theta-Llama-3-70B,bigcodebench-instruct,,2280,v0.2.5 published 2025-04-11
NovaSky-AI--Sky-T1-32B-Flash,bigcodebench-complete,,1140,v0.2.5 published 2025-04-11
NovaSky-AI--Sky-T1-32B-Flash,bigcodebench-instruct,,1140,v0.2.5 published 2025-04-11
NovaSky-AI--Sky-T1-32B-Preview,bigcodebench-complete,,1140,v0.2.5 published 2025-04-11
NovaSky-AI--Sky-T1-32B-Preview,bigcodebench-instruct,,1140,v0.2.5 published 2025-04-11
Phind--Phind-CodeLlama-34B-v2,bigcodebench-complete,,2280,v0.2.5 published 2025-04-11
Phind--Phind-CodeLlama-34B-v2,bigcodebench-instruct,,2280,v0.2.5 published 2025-04-11
Qwen--CodeQwen1.5-7B-Chat,bigcodebench-complete,,2280,v0.2.5 published 2025-04-11
Qwen--CodeQwen1.5-7B-Chat,bigcodebench-instruct,,2280,v0.2.5 published 2025-04-11
Qwen--QwQ-32B,bigcodebench-hard-complete,,148,v0.2.5 published 2025-04-11
Qwen--QwQ-32B,bigcodebench-hard-instruct,,148,v0.2.5 published 2025-04-11
Qwen--QwQ-32B-Preview,bigcodebench-complete,,1140,v0.2.5 published 2025-04-11
Qwen--QwQ-32B-Preview,bigcodebench-instruct,,1140,v0.2.5 published 2025-04-11
Qwen--Qwen1.5-110B-Chat,bigcodebench-complete,,2280,v0.2.5 published 2025-04-11
Qwen--Qwen1.5-110B-Chat,bigcodebench-instruct,,2280,v0.2.5 published 2025-04-11
Qwen--Qwen1.5-32B-Chat,bigcodebench-complete,,2280,v0.2.5 published 2025-04-11
Qwen--Qwen1.5-32B-Chat,bigcodebench-instruct,,2280,v0.2.5 published 2025-04-11
Qwen--Qwen1.5-72B-Chat,bigcodebench-complete,,2280,v0.2.5 published 2025-04-11
Qwen--Qwen1.5-72B-Chat,bigcodebench-instruct,,2280,v0.2.5 published 2025-04-11
Qwen--Qwen2-72B-Chat,bigcodebench-complete,,2280,v0.2.5 published 2025-04-11
Qwen--Qwen2-72B-Chat,bigcodebench-instruct,,2280,v0.2.5 published 2025-04-11
Qwen--Qwen2.5-0.5B-Instruct,bigcodebench-complete,,2280,v0.2.5 published 2025-04-11
Qwen--Qwen2.5-0.5B-Instruct,bigcodebench-instruct,,2280,v0.2.5 published 2025-04-11
Qwen--Qwen2.5-1.5B-Instruct,bigcodebench-complete,,2280,v0.2.5 published 2025-04-11
Qwen--Qwen2.5-1.5B-Instruct,bigcodebench-instruct,,2280,v0.2.5 published 2025-04-11
Qwen--Qwen2.5-14B-Instruct,bigcodebench-complete,,2280,v0.2.5 published 2025-04-11
Qwen--Qwen2.5-14B-Instruct,bigcodebench-instruct,,2280,v0.2.5 published 2025-04-11
Qwen--Qwen2.5-32B-Instruct,bigcodebench-complete,,2280,v0.2.5 published 2025-04-11
Qwen--Qwen2.5-32B-Instruct,bigcodebench-instruct,,2280,v0.2.5 published 2025-04-11
Qwen--Qwen2.5-72B-Instruct,bigcodebench-complete,,2280,v0.2.5 published 2025-04-11
Qwen--Qwen2.5-72B-Instruct,bigcodebench-instruct,,2280,v0.2.5 published 2025-04-11
Qwen--Qwen2.5-7B-Instruct,bigcodebench-complete,,2280,v0.2.5 published 2025-04-11
Qwen--Qwen2.5-7B-Instruct,bigcodebench-instruct,,2280,v0.2.5 published 2025-04-11
Qwen--Qwen2.5-Coder-1.5B-Instruct,bigcodebench-complete,,2280,v0.2.5 published 2025-04-11
Qwen--Qwen2.5-Coder-1.5B-Instruct,bigcodebench-hard-complete,,296,v0.2.5 published 2025-04-11
Qwen--Qwen2.5-Coder-1.5B-Instruct,bigcodebench-hard-instruct,,296,v0.2.5 published 2025-04-11
Qwen--Qwen2.5-Coder-1.5B-Instruct,bigcodebench-instruct,,2280,v0.2.5 published 2025-04-11
Qwen--Qwen2.5-Coder-14B-Instruct,bigcodebench-complete,,1140,v0.2.5 published 2025-04-11
Qwen--Qwen2.5-Coder-14B-Instruct,bigcodebench-instruct,,1140,v0.2.5 published 2025-04-11
Qwen--Qwen2.5-Coder-32B-Instruct,bigcodebench-complete,,1140,v0.2.5 published 2025-04-11
Qwen--Qwen2.5-Coder-32B-Instruct,bigcodebench-instruct,,1140,v0.2.5 published 2025-04-11
Qwen--Qwen2.5-Coder-7B-Instruct,bigcodebench-complete,,2280,v0.2.5 published 2025-04-11
Qwen--Qwen2.5-Coder-7B-Instruct,bigcodebench-hard-complete,,296,v0.2.5 published 2025-04-11
Qwen--Qwen2.5-Coder-7B-Instruct,bigcodebench-hard-instruct,,296,v0.2.5 published 2025-04-11
Qwen--Qwen2.5-Coder-7B-Instruct,bigcodebench-instruct,,2280,v0.2.5 published 2025-04-11
SenseLLM--ReflectionCoder-CL-34B,bigcodebench-complete,,2280,v0.2.5 published 2025-04-11
SenseLLM--ReflectionCoder-CL-34B,bigcodebench-instruct,,2280,v0.2.5 published 2025-04-11
SenseLLM--ReflectionCoder-CL-7B,bigcodebench-complete,,2280,v0.2.5 published 2025-04-11
SenseLLM--ReflectionCoder-CL-7B,bigcodebench-instruct,,2280,v0.2.5 published 2025-04-11
SenseLLM--ReflectionCoder-DS-33B,bigcodebench-complete,,2280,v0.2.5 published 2025-04-11
SenseLLM--ReflectionCoder-DS-33B,bigcodebench-instruct,,2280,v0.2.5 published 2025-04-11
SenseLLM--ReflectionCoder-DS-6.7B,bigcodebench-complete,,2280,v0.2.5 published 2025-04-11
SenseLLM--ReflectionCoder-DS-6.7B,bigcodebench-instruct,,2280,v0.2.5 published 2025-04-11
THUDM--codegeex4-all-9b,bigcodebench-complete,,2280,v0.2.5 published 2025-04-11
THUDM--codegeex4-all-9b,bigcodebench-instruct,,2280,v0.2.5 published 2025-04-11
WarriorCoder-6.7B--main,bigcodebench-hard-instruct,,148,v0.2.5 published 2025-04-11
WarriorCoder-6.7B--main,bigcodebench-instruct,,1140,v0.2.5 published 2025-04-11
WhiteRabbitNeo--WhiteRabbitNeo-33B-v1.5,bigcodebench-complete,,2280,v0.2.5 published 2025-04-11
WhiteRabbitNeo--WhiteRabbitNeo-33B-v1.5,bigcodebench-instruct,,2280,v0.2.5 published 2025-04-11
abacusai--Dracarys-72B-Instruct,bigcodebench-hard-complete,,296,v0.2.5 published 2025-04-11
abacusai--Dracarys-72B-Instruct,bigcodebench-hard-instruct,,296,v0.2.5 published 2025-04-11
abacusai--Dracarys-Llama-3.1-70B-Instruct,bigcodebench-hard-complete,,296,v0.2.5 published 2025-04-11
abacusai--Dracarys-Llama-3.1-70B-Instruct,bigcodebench-hard-instruct,,296,v0.2.5 published 2025-04-11
agentica-org--DeepCoder-14B-Preview,bigcodebench-complete,,1140,v0.2.5 published 2025-04-11
agentica-org--DeepCoder-14B-Preview,bigcodebench-hard-complete,,148,v0.2.5 published 2025-04-11
agentica-org--DeepCoder-14B-Preview,bigcodebench-hard-instruct,,148,v0.2.5 published 2025-04-11
agentica-org--DeepCoder-14B-Preview,bigcodebench-instruct,,1140,v0.2.5 published 2025-04-11
agentica-org--DeepCoder-14B-Preview--skip_prefill--main,bigcodebench-hard-complete,,150,v0.2.5 published 2025-04-11
agentica-org--DeepCoder-14B-Preview--skip_prefill--main,bigcodebench-hard-instruct,,150,v0.2.5 published 2025-04-11
bigcode--starcoder2-15b-instruct-v0.1,bigcodebench-complete,,2280,v0.2.5 published 2025-04-11
bigcode--starcoder2-15b-instruct-v0.1,bigcodebench-instruct,,2280,v0.2.5 published 2025-04-11
chatgpt-4o-latest--main,bigcodebench-hard-complete,,148,v0.2.5 published 2025-04-11
chatgpt-4o-latest--main,bigcodebench-hard-instruct,,148,v0.2.5 published 2025-04-11
claude-3-5-haiku-20241022--main,bigcodebench-complete,,1140,v0.2.5 published 2025-04-11
claude-3-5-haiku-20241022--main,bigcodebench-hard-complete,,148,v0.2.5 published 2025-04-11
claude-3-5-haiku-20241022--main,bigcodebench-hard-instruct,,148,v0.2.5 published 2025-04-11
claude-3-5-haiku-20241022--main,bigcodebench-instruct,,1140,v0.2.5 published 2025-04-11
claude-3-5-sonnet-20240620,bigcodebench-instruct,,2280,v0.2.5 published 2025-04-11
claude-3-5-sonnet-20241022,bigcodebench-complete,,1140,v0.2.5 published 2025-04-11
claude-3-5-sonnet-20241022,bigcodebench-instruct,,1148,v0.2.5 published 2025-04-11
claude-3-7-sonnet-20250219--3200-output-128k-2025-02-19--main,bigcodebench-hard-complete,anthropic/claude-3.7-sonnet,148,v0.2.5 published 2025-04-11
claude-3-7-sonnet-20250219--3200-output-128k-2025-02-19--main,bigcodebench-hard-instruct,anthropic/claude-3.7-sonnet,148,v0.2.5 published 2025-04-11
claude-3-7-sonnet-20250219--main,bigcodebench-hard-complete,anthropic/claude-3.7-sonnet,148,v0.2.5 published 2025-04-11
claude-3-7-sonnet-20250219--main,bigcodebench-hard-instruct,anthropic/claude-3.7-sonnet,148,v0.2.5 published 2025-04-11
claude-3-haiku-20240307,bigcodebench-complete,,2280,v0.2.5 published 2025-04-11
claude-3-haiku-20240307,bigcodebench-instruct,,2280,v0.2.5 published 2025-04-11
claude-3-opus-20240229,bigcodebench-complete,,2280,v0.2.5 published 2025-04-11
claude-3-opus-20240229,bigcodebench-instruct,,2280,v0.2.5 published 2025-04-11
claude-3-sonnet-20240229,bigcodebench-complete,,2280,v0.2.5 published 2025-04-11
claude-3-sonnet-20240229,bigcodebench-instruct,,2280,v0.2.5 published 2025-04-11
codellama--CodeLlama-13b-Instruct-hf,bigcodebench-complete,,2280,v0.2.5 published 2025-04-11
codellama--CodeLlama-13b-Instruct-hf,bigcodebench-instruct,,2280,v0.2.5 published 2025-04-11
codellama--CodeLlama-34b-Instruct-hf,bigcodebench-complete,,2280,v0.2.5 published 2025-04-11
codellama--CodeLlama-34b-Instruct-hf,bigcodebench-instruct,,2280,v0.2.5 published 2025-04-11
codellama--CodeLlama-70b-Instruct-hf,bigcodebench-complete,,2280,v0.2.5 published 2025-04-11
codellama--CodeLlama-70b-Instruct-hf,bigcodebench-instruct,,2280,v0.2.5 published 2025-04-11
codellama--CodeLlama-7b-Instruct-hf,bigcodebench-complete,,2280,v0.2.5 published 2025-04-11
codellama--CodeLlama-7b-Instruct-hf,bigcodebench-instruct,,2280,v0.2.5 published 2025-04-11
deepseek-ai--DeepSeek-Coder-V2-Instruct,bigcodebench-complete,,2280,v0.2.5 published 2025-04-11
deepseek-ai--DeepSeek-Coder-V2-Instruct,bigcodebench-instruct,,2280,v0.2.5 published 2025-04-11
deepseek-ai--DeepSeek-Coder-V2-Lite-Instruct,bigcodebench-complete,,2280,v0.2.5 published 2025-04-11
deepseek-ai--DeepSeek-Coder-V2-Lite-Instruct,bigcodebench-instruct,,2280,v0.2.5 published 2025-04-11
deepseek-ai--DeepSeek-R1,bigcodebench-hard-complete,,148,v0.2.5 published 2025-04-11
deepseek-ai--DeepSeek-R1,bigcodebench-hard-instruct,,148,v0.2.5 published 2025-04-11
deepseek-ai--DeepSeek-R1-Distill-Llama-70B,bigcodebench-complete,,2280,v0.2.5 published 2025-04-11
deepseek-ai--DeepSeek-R1-Distill-Llama-70B,bigcodebench-instruct,,1140,v0.2.5 published 2025-04-11
deepseek-ai--DeepSeek-R1-Distill-Llama-8B,bigcodebench-complete,,2280,v0.2.5 published 2025-04-11
deepseek-ai--DeepSeek-R1-Distill-Llama-8B,bigcodebench-instruct,,1140,v0.2.5 published 2025-04-11
deepseek-ai--DeepSeek-R1-Distill-Qwen-1.5B,bigcodebench-complete,,2280,v0.2.5 published 2025-04-11
deepseek-ai--DeepSeek-R1-Distill-Qwen-1.5B,bigcodebench-instruct,,1140,v0.2.5 published 2025-04-11
deepseek-ai--DeepSeek-R1-Distill-Qwen-14B,bigcodebench-complete,,2280,v0.2.5 published 2025-04-11
deepseek-ai--DeepSeek-R1-Distill-Qwen-14B,bigcodebench-instruct,,1140,v0.2.5 published 2025-04-11
deepseek-ai--DeepSeek-R1-Distill-Qwen-32B,bigcodebench-complete,,2280,v0.2.5 published 2025-04-11
deepseek-ai--DeepSeek-R1-Distill-Qwen-32B,bigcodebench-instruct,,1140,v0.2.5 published 2025-04-11
deepseek-ai--DeepSeek-R1-Distill-Qwen-7B,bigcodebench-complete,,2280,v0.2.5 published 2025-04-11
deepseek-ai--DeepSeek-R1-Distill-Qwen-7B,bigcodebench-instruct,,1140,v0.2.5 published 2025-04-11
deepseek-ai--DeepSeek-V2-Chat,bigcodebench-complete,,2280,v0.2.5 published 2025-04-11
deepseek-ai--DeepSeek-V2-Chat,bigcodebench-instruct,,2280,v0.2.5 published 2025-04-11
deepseek-ai--DeepSeek-V2.5-1210--main,bigcodebench-complete,,1140,v0.2.5 published 2025-04-11
deepseek-ai--DeepSeek-V2.5-1210--main,bigcodebench-instruct,,1140,v0.2.5 published 2025-04-11
deepseek-ai--DeepSeek-V3,bigcodebench-complete,deepseek/deepseek-v3-chat,1140,v0.2.5 published 2025-04-11
deepseek-ai--DeepSeek-V3,bigcodebench-hard-complete,deepseek/deepseek-v3-chat,148,v0.2.5 published 2025-04-11
deepseek-ai--DeepSeek-V3,bigcodebench-hard-instruct,deepseek/deepseek-v3-chat,148,v0.2.5 published 2025-04-11
deepseek-ai--DeepSeek-V3,bigcodebench-instruct,deepseek/deepseek-v3-chat,1140,v0.2.5 published 2025-04-11
deepseek-ai--DeepSeek-V3-0324,bigcodebench-hard-complete,deepseek/deepseek-v3-chat,148,v0.2.5 published 2025-04-11
deepseek-ai--DeepSeek-V3-0324,bigcodebench-hard-instruct,deepseek/deepseek-v3-chat,148,v0.2.5 published 2025-04-11
deepseek-ai--deepseek-coder-1.3b-instruct,bigcodebench-complete,,2280,v0.2.5 published 2025-04-11
deepseek-ai--deepseek-coder-1.3b-instruct,bigcodebench-instruct,,2280,v0.2.5 published 2025-04-11
deepseek-ai--deepseek-coder-33b-instruct,bigcodebench-complete,,2280,v0.2.5 published 2025-04-11
deepseek-ai--deepseek-coder-33b-instruct,bigcodebench-instruct,,2280,v0.2.5 published 2025-04-11
deepseek-ai--deepseek-coder-6.7b-instruct,bigcodebench-complete,,2280,v0.2.5 published 2025-04-11
deepseek-ai--deepseek-coder-6.7b-instruct,bigcodebench-instruct,,2280,v0.2.5 published 2025-04-11
deepseek-coder,bigcodebench-complete,,1140,v0.2.5 published 2025-04-11
deepseek-coder,bigcodebench-instruct,,1140,v0.2.5 published 2025-04-11
deepseek-coder-20240724,bigcodebench-hard-complete,,296,v0.2.5 published 2025-04-11
deepseek-coder-20240724,bigcodebench-hard-instruct,,296,v0.2.5 published 2025-04-11
deepseek-coder-v2.5,bigcodebench-hard-complete,,296,v0.2.5 published 2025-04-11
deepseek-coder-v2.5,bigcodebench-hard-instruct,,296,v0.2.5 published 2025-04-11
gemini-1.5-flash,bigcodebench-complete,,2280,v0.2.5 published 2025-04-11
gemini-1.5-flash,bigcodebench-instruct,,2280,v0.2.5 published 2025-04-11
gemini-1.5-flash-exp-0827,bigcodebench-hard-complete,,296,v0.2.5 published 2025-04-11
gemini-1.5-flash-exp-0827,bigcodebench-hard-instruct,,296,v0.2.5 published 2025-04-11
gemini-1.5-pro,bigcodebench-complete,,2280,v0.2.5 published 2025-04-11
gemini-1.5-pro,bigcodebench-instruct,,2280,v0.2.5 published 2025-04-11
gemini-1.5-pro-002,bigcodebench-hard-complete,,296,v0.2.5 published 2025-04-11
gemini-1.5-pro-002,bigcodebench-hard-instruct,,296,v0.2.5 published 2025-04-11
gemini-1.5-pro-exp-0801,bigcodebench-hard-complete,,296,v0.2.5 published 2025-04-11
gemini-1.5-pro-exp-0801,bigcodebench-hard-instruct,,296,v0.2.5 published 2025-04-11
gemini-1.5-pro-exp-0827,bigcodebench-hard-complete,,296,v0.2.5 published 2025-04-11
gemini-1.5-pro-exp-0827,bigcodebench-hard-instruct,,296,v0.2.5 published 2025-04-11
gemini-2.0-flash-001--main,bigcodebench-hard-complete,google/gemini-2.0-flash,148,v0.2.5 published 2025-04-11
gemini-2.0-flash-001--main,bigcodebench-hard-instruct,google/gemini-2.0-flash,148,v0.2.5 published 2025-04-11
gemini-2.0-flash-exp--main,bigcodebench-complete,google/gemini-2.0-flash,1140,v0.2.5 published 2025-04-11
gemini-2.0-flash-exp--main,bigcodebench-hard-complete,google/gemini-2.0-flash,148,v0.2.5 published 2025-04-11
gemini-2.0-flash-exp--main,bigcodebench-hard-instruct,google/gemini-2.0-flash,148,v0.2.5 published 2025-04-11
gemini-2.0-flash-exp--main,bigcodebench-instruct,google/gemini-2.0-flash,1140,v0.2.5 published 2025-04-11
gemini-2.0-flash-lite-preview-02-05--main,bigcodebench-hard-complete,google/gemini-2.0-flash,148,v0.2.5 published 2025-04-11
gemini-2.0-flash-lite-preview-02-05--main,bigcodebench-hard-instruct,google/gemini-2.0-flash,148,v0.2.5 published 2025-04-11
gemini-2.0-flash-thinking-exp-01-21--main,bigcodebench-hard-complete,google/gemini-2.0-flash,148,v0.2.5 published 2025-04-11
gemini-2.0-flash-thinking-exp-01-21--main,bigcodebench-hard-instruct,google/gemini-2.0-flash,148,v0.2.5 published 2025-04-11
gemini-2.0-flash-thinking-exp-1219--main,bigcodebench-hard-complete,google/gemini-2.0-flash,148,v0.2.5 published 2025-04-11
gemini-2.0-flash-thinking-exp-1219--main,bigcodebench-hard-instruct,google/gemini-2.0-flash,148,v0.2.5 published 2025-04-11
gemini-2.0-pro-exp-02-05--main,bigcodebench-hard-complete,,148,v0.2.5 published 2025-04-11
gemini-2.0-pro-exp-02-05--main,bigcodebench-hard-instruct,,148,v0.2.5 published 2025-04-11
gemini-2.5-pro-exp-03-25--main,bigcodebench-hard-complete,google/gemini-2.5-pro,148,v0.2.5 published 2025-04-11
gemini-2.5-pro-exp-03-25--main,bigcodebench-hard-instruct,google/gemini-2.5-pro,148,v0.2.5 published 2025-04-11
gemini-exp-1114--main,bigcodebench-complete,,1140,v0.2.5 published 2025-04-11
gemini-exp-1114--main,bigcodebench-instruct,,1140,v0.2.5 published 2025-04-11
gemini-exp-1121--main,bigcodebench-complete,,1140,v0.2.5 published 2025-04-11
gemini-exp-1121--main,bigcodebench-instruct,,1140,v0.2.5 published 2025-04-11
gemini-exp-1206--main,bigcodebench-complete,,1140,v0.2.5 published 2025-04-11
gemini-exp-1206--main,bigcodebench-instruct,,1140,v0.2.5 published 2025-04-11
google--codegemma-7b-it,bigcodebench-complete,,2280,v0.2.5 published 2025-04-11
google--codegemma-7b-it,bigcodebench-instruct,,2280,v0.2.5 published 2025-04-11
google--gemma-2-27b-it,bigcodebench-complete,,2280,v0.2.5 published 2025-04-11
google--gemma-2-27b-it,bigcodebench-instruct,,2280,v0.2.5 published 2025-04-11
google--gemma-2-9b-it,bigcodebench-complete,,2280,v0.2.5 published 2025-04-11
google--gemma-2-9b-it,bigcodebench-instruct,,2280,v0.2.5 published 2025-04-11
google--gemma-3-27b-it,bigcodebench-hard-complete,,148,v0.2.5 published 2025-04-11
google--gemma-3-27b-it,bigcodebench-hard-instruct,,148,v0.2.5 published 2025-04-11
gpt-3.5-turbo-0125,bigcodebench-complete,,2280,v0.2.5 published 2025-04-11
gpt-3.5-turbo-0125,bigcodebench-instruct,,2280,v0.2.5 published 2025-04-11
gpt-4-0613,bigcodebench-complete,,2280,v0.2.5 published 2025-04-11
gpt-4-0613,bigcodebench-instruct,,2280,v0.2.5 published 2025-04-11
gpt-4-turbo-2024-04-09,bigcodebench-complete,,2280,v0.2.5 published 2025-04-11
gpt-4-turbo-2024-04-09,bigcodebench-instruct,,2280,v0.2.5 published 2025-04-11
gpt-4o,bigcodebench-complete,,2280,v0.2.5 published 2025-04-11
gpt-4o,bigcodebench-instruct,,2280,v0.2.5 published 2025-04-11
gpt-4o-2024-08-06,bigcodebench-hard-complete,,296,v0.2.5 published 2025-04-11
gpt-4o-2024-08-06,bigcodebench-hard-instruct,,296,v0.2.5 published 2025-04-11
gpt-4o-2024-11-20--main,bigcodebench-complete,,1140,v0.2.5 published 2025-04-11
gpt-4o-2024-11-20--main,bigcodebench-instruct,,1140,v0.2.5 published 2025-04-11
gpt-4o-mini-2024-07-18,bigcodebench-complete,,2280,v0.2.5 published 2025-04-11
gpt-4o-mini-2024-07-18,bigcodebench-instruct,,2280,v0.2.5 published 2025-04-11
grok-beta--main,bigcodebench-hard-complete,,148,v0.2.5 published 2025-04-11
grok-beta--main,bigcodebench-hard-instruct,,148,v0.2.5 published 2025-04-11
ibm-granite--granite-20b-code-instruct,bigcodebench-complete,,2280,v0.2.5 published 2025-04-11
ibm-granite--granite-20b-code-instruct,bigcodebench-instruct,,2280,v0.2.5 published 2025-04-11
ibm-granite--granite-3.0-2b-instruct,bigcodebench-complete,,1140,v0.2.5 published 2025-04-11
ibm-granite--granite-3.0-2b-instruct,bigcodebench-instruct,,1140,v0.2.5 published 2025-04-11
ibm-granite--granite-3.0-8b-instruct,bigcodebench-complete,,1140,v0.2.5 published 2025-04-11
ibm-granite--granite-3.0-8b-instruct,bigcodebench-instruct,,1140,v0.2.5 published 2025-04-11
ibm-granite--granite-34b-code-instruct,bigcodebench-complete,,2280,v0.2.5 published 2025-04-11
ibm-granite--granite-34b-code-instruct,bigcodebench-instruct,,2280,v0.2.5 published 2025-04-11
ibm-granite--granite-3b-code-instruct,bigcodebench-complete,,2280,v0.2.5 published 2025-04-11
ibm-granite--granite-8b-code-instruct,bigcodebench-complete,,2280,v0.2.5 published 2025-04-11
infly--OpenCoder-1.5B-Instruct,bigcodebench-complete,,1140,v0.2.5 published 2025-04-11
infly--OpenCoder-1.5B-Instruct,bigcodebench-instruct,,1140,v0.2.5 published 2025-04-11
infly--OpenCoder-8B-Instruct,bigcodebench-complete,,1140,v0.2.5 published 2025-04-11
infly--OpenCoder-8B-Instruct,bigcodebench-instruct,,1140,v0.2.5 published 2025-04-11
internlm--internlm2_5-7b-chat,bigcodebench-complete,,2280,v0.2.5 published 2025-04-11
internlm--internlm2_5-7b-chat,bigcodebench-instruct,,2280,v0.2.5 published 2025-04-11
ise-uiuc--Magicoder-S-DS-6.7B,bigcodebench-complete,,2280,v0.2.5 published 2025-04-11
ise-uiuc--Magicoder-S-DS-6.7B,bigcodebench-instruct,,2280,v0.2.5 published 2025-04-11
m-a-p--OpenCodeInterpreter-DS-1.3B,bigcodebench-instruct,,2280,v0.2.5 published 2025-04-11
m-a-p--OpenCodeInterpreter-DS-6.7B,bigcodebench-instruct,,2280,v0.2.5 published 2025-04-11
mattshumer--ref_70_e3,bigcodebench-hard-complete,,148,v0.2.5 published 2025-04-11
mattshumer--ref_70_e3,bigcodebench-hard-instruct,,148,v0.2.5 published 2025-04-11
meta-llama--Llama-3.2-1B-Instruct,bigcodebench-complete,,2280,v0.2.5 published 2025-04-11
meta-llama--Llama-3.2-1B-Instruct,bigcodebench-instruct,,2280,v0.2.5 published 2025-04-11
meta-llama--Llama-3.2-3B-Instruct,bigcodebench-complete,,2280,v0.2.5 published 2025-04-11
meta-llama--Llama-3.2-3B-Instruct,bigcodebench-instruct,,2280,v0.2.5 published 2025-04-11
meta-llama--Llama-3.3-70B-Instruct,bigcodebench-complete,meta/llama-3.3-70b-instruct,1140,v0.2.5 published 2025-04-11
meta-llama--Llama-3.3-70B-Instruct,bigcodebench-instruct,meta/llama-3.3-70b-instruct,1140,v0.2.5 published 2025-04-11
meta-llama--Llama-4-Maverick-17B-128E-Instruct,bigcodebench-complete,,1140,v0.2.5 published 2025-04-11
meta-llama--Llama-4-Maverick-17B-128E-Instruct,bigcodebench-hard-complete,,148,v0.2.5 published 2025-04-11
meta-llama--Llama-4-Maverick-17B-128E-Instruct,bigcodebench-hard-instruct,,148,v0.2.5 published 2025-04-11
meta-llama--Llama-4-Maverick-17B-128E-Instruct,bigcodebench-instruct,,1140,v0.2.5 published 2025-04-11
meta-llama--Llama-4-Scout-17B-16E-Instruct,bigcodebench-complete,,1140,v0.2.5 published 2025-04-11
meta-llama--Llama-4-Scout-17B-16E-Instruct,bigcodebench-hard-complete,,148,v0.2.5 published 2025-04-11
meta-llama--Llama-4-Scout-17B-16E-Instruct,bigcodebench-hard-instruct,,148,v0.2.5 published 2025-04-11
meta-llama--Llama-4-Scout-17B-16E-Instruct,bigcodebench-instruct,,1140,v0.2.5 published 2025-04-11
meta-llama--Meta-Llama-3-70B-Instruct,bigcodebench-complete,,2280,v0.2.5 published 2025-04-11
meta-llama--Meta-Llama-3-70B-Instruct,bigcodebench-instruct,,2280,v0.2.5 published 2025-04-11
meta-llama--Meta-Llama-3-8B-Instruct,bigcodebench-complete,,2280,v0.2.5 published 2025-04-11
meta-llama--Meta-Llama-3-8B-Instruct,bigcodebench-instruct,,2280,v0.2.5 published 2025-04-11
meta-llama--Meta-Llama-3.1-405B-Instruct,bigcodebench-hard-complete,,296,v0.2.5 published 2025-04-11
meta-llama--Meta-Llama-3.1-405B-Instruct,bigcodebench-hard-instruct,,296,v0.2.5 published 2025-04-11
meta-llama--Meta-Llama-3.1-70B-Instruct,bigcodebench-complete,,2280,v0.2.5 published 2025-04-11
meta-llama--Meta-Llama-3.1-70B-Instruct,bigcodebench-instruct,,2280,v0.2.5 published 2025-04-11
meta-llama--Meta-Llama-3.1-8B-Instruct,bigcodebench-complete,,2280,v0.2.5 published 2025-04-11
meta-llama--Meta-Llama-3.1-8B-Instruct,bigcodebench-instruct,,2280,v0.2.5 published 2025-04-11
microsoft--Phi-3-medium-128k-instruct,bigcodebench-complete,,2280,v0.2.5 published 2025-04-11
microsoft--Phi-3-medium-128k-instruct,bigcodebench-instruct,,2280,v0.2.5 published 2025-04-11
microsoft--Phi-3-mini-128k-instruct,bigcodebench-complete,,2280,v0.2.5 published 2025-04-11
microsoft--Phi-3-mini-128k-instruct,bigcodebench-instruct,,2280,v0.2.5 published 2025-04-11
microsoft--Phi-3-small-128k-instruct,bigcodebench-complete,,2280,v0.2.5 published 2025-04-11
microsoft--Phi-3-small-128k-instruct,bigcodebench-instruct,,2280,v0.2.5 published 2025-04-11
microsoft--Phi-3.5-mini-instruct,bigcodebench-complete,,1140,v0.2.5 published 2025-04-11
microsoft--Phi-3.5-mini-instruct,bigcodebench-hard-complete,,296,v0.2.5 published 2025-04-11
microsoft--Phi-3.5-mini-instruct,bigcodebench-hard-instruct,,296,v0.2.5 published 2025-04-11
microsoft--Phi-3.5-mini-instruct,bigcodebench-instruct,,1140,v0.2.5 published 2025-04-11
microsoft--phi-4,bigcodebench-complete,,1140,v0.2.5 published 2025-04-11
microsoft--phi-4,bigcodebench-instruct,,1140,v0.2.5 published 2025-04-11
microsoft--wavecoder-ultra-6.7b,bigcodebench-complete,,2280,v0.2.5 published 2025-04-11
microsoft--wavecoder-ultra-6.7b,bigcodebench-instruct,,2280,v0.2.5 published 2025-04-11
migtissera--Llama-3-70B-Synthia-v3.5,bigcodebench-complete,,2280,v0.2.5 published 2025-04-11
migtissera--Llama-3-70B-Synthia-v3.5,bigcodebench-instruct,,2280,v0.2.5 published 2025-04-11
migtissera--Tess-v2.5.2-Qwen2-72B,bigcodebench-complete,,2280,v0.2.5 published 2025-04-11
migtissera--Tess-v2.5.2-Qwen2-72B,bigcodebench-instruct,,2280,v0.2.5 published 2025-04-11
mistral-large-2402,bigcodebench-complete,,2280,v0.2.5 published 2025-04-11
mistral-large-2402,bigcodebench-instruct,,2280,v0.2.5 published 2025-04-11
mistral-small-2402,bigcodebench-complete,,2280,v0.2.5 published 2025-04-11
mistral-small-2402,bigcodebench-instruct,,2280,v0.2.5 published 2025-04-11
mistralai--Codestral-22B-v0.1,bigcodebench-complete,,2280,v0.2.5 published 2025-04-11
mistralai--Codestral-22B-v0.1,bigcodebench-instruct,,2280,v0.2.5 published 2025-04-11
mistralai--Mistral-7B-Instruct-v0.3,bigcodebench-complete,,2280,v0.2.5 published 2025-04-11
mistralai--Mistral-7B-Instruct-v0.3,bigcodebench-instruct,,2280,v0.2.5 published 2025-04-11
mistralai--Mistral-Large-Instruct-2407,bigcodebench-hard-complete,,296,v0.2.5 published 2025-04-11
mistralai--Mistral-Large-Instruct-2407,bigcodebench-hard-instruct,,296,v0.2.5 published 2025-04-11
mistralai--Mistral-Small-24B-Instruct-2501,bigcodebench-complete,,1140,v0.2.5 published 2025-04-11
mistralai--Mistral-Small-24B-Instruct-2501,bigcodebench-instruct,,1140,v0.2.5 published 2025-04-11
mistralai--Mistral-Small-Instruct-2409,bigcodebench-complete,,2280,v0.2.5 published 2025-04-11
mistralai--Mistral-Small-Instruct-2409,bigcodebench-instruct,,2280,v0.2.5 published 2025-04-11
mistralai--Mixtral-8x22B-Instruct-v0.1,bigcodebench-complete,,2280,v0.2.5 published 2025-04-11
mistralai--Mixtral-8x22B-Instruct-v0.1,bigcodebench-instruct,,2280,v0.2.5 published 2025-04-11
mistralai--mamba-codestral-7B-v0.1,bigcodebench-complete,,2280,v0.2.5 published 2025-04-11
mistralai--mamba-codestral-7B-v0.1,bigcodebench-instruct,,2280,v0.2.5 published 2025-04-11
new-deepseek-chat,bigcodebench-complete,deepseek/deepseek-v3-chat,2280,v0.2.5 published 2025-04-11
new-deepseek-chat,bigcodebench-instruct,deepseek/deepseek-v3-chat,2280,v0.2.5 published 2025-04-11
nv-mistralai--Mistral-Nemo-12B-Instruct,bigcodebench-hard-complete,,296,v0.2.5 published 2025-04-11
nv-mistralai--Mistral-Nemo-12B-Instruct,bigcodebench-hard-instruct,,296,v0.2.5 published 2025-04-11
nvidia--Llama-3.1-Nemotron-70B-Instruct-HF,bigcodebench-complete,,1140,v0.2.5 published 2025-04-11
nvidia--Llama-3.1-Nemotron-70B-Instruct-HF,bigcodebench-instruct,,1140,v0.2.5 published 2025-04-11
o1-2024-12-17--high--main,bigcodebench-hard-complete,,148,v0.2.5 published 2025-04-11
o1-2024-12-17--high--main,bigcodebench-hard-instruct,,148,v0.2.5 published 2025-04-11
o1-2024-12-17--low--main,bigcodebench-hard-complete,,148,v0.2.5 published 2025-04-11
o1-2024-12-17--low--main,bigcodebench-hard-instruct,,148,v0.2.5 published 2025-04-11
o1-2024-12-17--main,bigcodebench-hard-complete,,148,v0.2.5 published 2025-04-11
o1-2024-12-17--main,bigcodebench-hard-instruct,,148,v0.2.5 published 2025-04-11
o1-mini-2024-09-12,bigcodebench-hard-complete,,296,v0.2.5 published 2025-04-11
o1-mini-2024-09-12,bigcodebench-hard-instruct,,296,v0.2.5 published 2025-04-11
o1-preview-2024-09-12,bigcodebench-hard-complete,,296,v0.2.5 published 2025-04-11
o1-preview-2024-09-12,bigcodebench-hard-instruct,,296,v0.2.5 published 2025-04-11
o3-mini-2025-01-31--high--main,bigcodebench-hard-complete,,148,v0.2.5 published 2025-04-11
o3-mini-2025-01-31--high--main,bigcodebench-hard-instruct,,148,v0.2.5 published 2025-04-11
o3-mini-2025-01-31--low--main,bigcodebench-hard-complete,,148,v0.2.5 published 2025-04-11
o3-mini-2025-01-31--low--main,bigcodebench-hard-instruct,,148,v0.2.5 published 2025-04-11
o3-mini-2025-01-31--medium--main,bigcodebench-hard-complete,,148,v0.2.5 published 2025-04-11
o3-mini-2025-01-31--medium--main,bigcodebench-hard-instruct,,148,v0.2.5 published 2025-04-11
openchat--openchat-3.6-8b-20240522,bigcodebench-complete,,2280,v0.2.5 published 2025-04-11
openchat--openchat-3.6-8b-20240522,bigcodebench-instruct,,2280,v0.2.5 published 2025-04-11
openrouter--optimus-alpha--main,bigcodebench-hard-complete,,148,v0.2.5 published 2025-04-11
openrouter--optimus-alpha--main,bigcodebench-hard-instruct,,148,v0.2.5 published 2025-04-11
openrouter--quasar-alpha--main,bigcodebench-complete,,1140,v0.2.5 published 2025-04-11
openrouter--quasar-alpha--main,bigcodebench-instruct,,1140,v0.2.5 published 2025-04-11
qwen-max-latest--main,bigcodebench-hard-complete,,148,v0.2.5 published 2025-04-11
qwen-max-latest--main,bigcodebench-hard-instruct,,148,v0.2.5 published 2025-04-11
wyt2000--InverseCoder-CL-13B,bigcodebench-hard-complete,,296,v0.2.5 published 2025-04-11
wyt2000--InverseCoder-CL-13B,bigcodebench-hard-instruct,,296,v0.2.5 published 2025-04-11
wyt2000--InverseCoder-CL-7B,bigcodebench-hard-complete,,296,v0.2.5 published 2025-04-11
wyt2000--InverseCoder-CL-7B,bigcodebench-hard-instruct,,296,v0.2.5 published 2025-04-11
wyt2000--InverseCoder-DS-6.7B,bigcodebench-hard-complete,,296,v0.2.5 published 2025-04-11
wyt2000--InverseCoder-DS-6.7B,bigcodebench-hard-instruct,,296,v0.2.5 published 2025-04-11
yi-large,bigcodebench-complete,,2280,v0.2.5 published 2025-04-11
yi-large,bigcodebench-instruct,,2280,v0.2.5 published 2025-04-11
