domain,source_id,system_id,display_name,family,model_key,base_engine_normalized,classification,is_oss,reasoning,base_model,teacher,lineage,n_tasks,score_all_available_tasks
algorithmic_lcb,llmrouterbench_livecodebench,DeepHermes-3-Llama-3-8B-Preview,DeepHermes-3-Llama-3-8B-Preview,llmrouterbench,DeepHermes-3-Llama-3-8B-Preview,deephermes-3-llama-3-8b,oss,True,all tagged models are OSS/open-weights,Llama-3-8B,Nous/Hermes synthetic data (uncertain),base=Llama-3-8B; teacher=Nous/Hermes synthetic data (uncertain); Llama derivative,1055,0.130806
algorithmic_lcb,llmrouterbench_livecodebench,DeepSeek-R1-0528-Qwen3-8B,DeepSeek-R1-0528-Qwen3-8B,llmrouterbench,DeepSeek-R1-0528-Qwen3-8B,deepseek/deepseek-r1-qwen3-8b,oss,True,all tagged models are OSS/open-weights,Qwen3-8B,DeepSeek-R1-0528,base=Qwen3-8B; teacher=DeepSeek-R1-0528; DeepSeek R1 distill on Qwen3-8B,1055,0.647393
algorithmic_lcb,llmrouterbench_livecodebench,DeepSeek-R1-Distill-Qwen-7B,DeepSeek-R1-Distill-Qwen-7B,llmrouterbench,DeepSeek-R1-Distill-Qwen-7B,deepseek/deepseek-r1-distill-qwen-7b,oss,True,all tagged models are OSS/open-weights,Qwen/Qwen2.5 family 7B,DeepSeek-R1,base=Qwen/Qwen2.5 family 7B; teacher=DeepSeek-R1; DeepSeek R1 distill on Qwen 7B,1055,0.411374
algorithmic_lcb,llmrouterbench_livecodebench,Fin-R1,Fin-R1,llmrouterbench,Fin-R1,fin-r1,oss,True,all tagged models are OSS/open-weights,unknown,DeepSeek-R1 (uncertain),base=unknown; teacher=DeepSeek-R1 (uncertain); R1-style open fine-tune; base uncertain,1055,0.068246
algorithmic_lcb,llmrouterbench_livecodebench,GLM-Z1-9B-0414,GLM-Z1-9B-0414,llmrouterbench,GLM-Z1-9B-0414,zai/glm-z1-9b,oss,True,all tagged models are OSS/open-weights,GLM-4-9B,GLM-Z1/RL (uncertain),base=GLM-4-9B; teacher=GLM-Z1/RL (uncertain); Z.ai GLM-Z1 open reasoning family,1055,0.615166
algorithmic_lcb,llmrouterbench_livecodebench,Intern-S1-mini,Intern-S1-mini,llmrouterbench,Intern-S1-mini,internlm/intern-s1-mini,oss,True,all tagged models are OSS/open-weights,Intern-S1-mini,none,base=Intern-S1-mini; teacher=none; InternLM open-weights family,1055,0.262559
algorithmic_lcb,llmrouterbench_livecodebench,Llama-3.1-8B-Instruct,Llama-3.1-8B-Instruct,llmrouterbench,Llama-3.1-8B-Instruct,meta/llama-3.1-8b,oss,True,all tagged models are OSS/open-weights,Llama-3.1-8B,none,base=Llama-3.1-8B; teacher=none; Meta Llama open-weights family,1055,0.167773
algorithmic_lcb,llmrouterbench_livecodebench,Llama-3.1-8B-UltraMedical,Llama-3.1-8B-UltraMedical,llmrouterbench,Llama-3.1-8B-UltraMedical,meta/llama-3.1-8b-ultramedical,oss,True,all tagged models are OSS/open-weights,Llama-3.1-8B,UltraMedical fine-tune (uncertain),base=Llama-3.1-8B; teacher=UltraMedical fine-tune (uncertain); Llama derivative,1055,0.133649
algorithmic_lcb,llmrouterbench_livecodebench,Llama-3.1-Nemotron-Nano-8B-v1,Llama-3.1-Nemotron-Nano-8B-v1,llmrouterbench,Llama-3.1-Nemotron-Nano-8B-v1,nvidia/llama-3.1-nemotron-nano,oss,True,all tagged models are OSS/open-weights,Llama-3.1,NVIDIA Nemotron alignment (uncertain),base=Llama-3.1; teacher=NVIDIA Nemotron alignment (uncertain); NVIDIA Nemotron derivative of Llama,1055,0.460664
algorithmic_lcb,llmrouterbench_livecodebench,MiMo-7B-RL-0530,MiMo-7B-RL-0530,llmrouterbench,MiMo-7B-RL-0530,mimo-7b,oss,True,all tagged models are OSS/open-weights,MiMo-7B,RL fine-tune (uncertain),base=MiMo-7B; teacher=RL fine-tune (uncertain); open small reasoning model,1055,0.064455
algorithmic_lcb,llmrouterbench_livecodebench,MiniCPM4.1-8B,MiniCPM4.1-8B,llmrouterbench,MiniCPM4.1-8B,minicpm4.1-8b,oss,True,all tagged models are OSS/open-weights,MiniCPM4.1-8B,none,base=MiniCPM4.1-8B; teacher=none; MiniCPM open-weights family,1055,0.636967
algorithmic_lcb,llmrouterbench_livecodebench,NVIDIA-Nemotron-Nano-9B-v2,NVIDIA-Nemotron-Nano-9B-v2,llmrouterbench,NVIDIA-Nemotron-Nano-9B-v2,nvidia-nemotron-nano-9b-v2,oss,True,all tagged models are OSS/open-weights,Llama-3.1,NVIDIA Nemotron alignment (uncertain),base=Llama-3.1; teacher=NVIDIA Nemotron alignment (uncertain); NVIDIA Nemotron derivative of Llama,1055,0.654976
algorithmic_lcb,llmrouterbench_livecodebench,OpenThinker3-7B,OpenThinker3-7B,llmrouterbench,OpenThinker3-7B,openthinker3-7b,oss,True,all tagged models are OSS/open-weights,Qwen-family 7B (uncertain),DeepSeek-R1 (uncertain),base=Qwen-family 7B (uncertain); teacher=DeepSeek-R1 (uncertain); open reasoning distill; exact base uncertain,1055,0.441706
algorithmic_lcb,llmrouterbench_livecodebench,Qwen2.5-Coder-7B-Instruct,Qwen2.5-Coder-7B-Instruct,llmrouterbench,Qwen2.5-Coder-7B-Instruct,qwen/qwen2.5-coder,oss,True,all tagged models are OSS/open-weights,Qwen2.5-Coder,none,base=Qwen2.5-Coder; teacher=none; Qwen2.5-Coder open-weights family,1055,0.278673
algorithmic_lcb,llmrouterbench_livecodebench,Qwen3-8B,Qwen3-8B,llmrouterbench,Qwen3-8B,qwen/qwen3-8b,oss,True,all tagged models are OSS/open-weights,Qwen3-8B,none,base=Qwen3-8B; teacher=none; Qwen3 open-weights family,1055,0.676777
algorithmic_lcb,llmrouterbench_livecodebench,claude-sonnet-4,claude-sonnet-4,llmrouterbench,claude-sonnet-4,anthropic/claude-sonnet-4,closed,False,at least one tagged model is closed/API-only,unknown,none,base=unknown; teacher=none; lineage uncertain,1055,0.581043
algorithmic_lcb,llmrouterbench_livecodebench,cogito-v1-preview-llama-8B,cogito-v1-preview-llama-8B,llmrouterbench,cogito-v1-preview-llama-8B,cogito-v1-llama-8b,oss,True,all tagged models are OSS/open-weights,Llama-3.x-8B,Cogito alignment (uncertain),base=Llama-3.x-8B; teacher=Cogito alignment (uncertain); Llama derivative,1055,0.172512
algorithmic_lcb,llmrouterbench_livecodebench,deepseek-r1-0528,deepseek-r1-0528,llmrouterbench,deepseek-r1-0528,deepseek/deepseek-r1,oss,True,all tagged models are OSS/open-weights,DeepSeek-R1,none,base=DeepSeek-R1; teacher=none; DeepSeek-R1 open-weights reasoning family,1055,0.800948
algorithmic_lcb,llmrouterbench_livecodebench,deepseek-v3-0324,deepseek-v3-0324,llmrouterbench,deepseek-v3-0324,deepseek/deepseek-v3,oss,True,all tagged models are OSS/open-weights,DeepSeek-V3,none,base=DeepSeek-V3; teacher=none; DeepSeek-V3 open-weights family,1055,0.666351
algorithmic_lcb,llmrouterbench_livecodebench,deepseek-v3.1-terminus,deepseek-v3.1-terminus,llmrouterbench,deepseek-v3.1-terminus,deepseek/deepseek-v3,oss,True,all tagged models are OSS/open-weights,DeepSeek-V3,none,base=DeepSeek-V3; teacher=none; DeepSeek-V3 open-weights family,1055,0.672986
algorithmic_lcb,llmrouterbench_livecodebench,gemini-2.5-flash,gemini-2.5-flash,llmrouterbench,gemini-2.5-flash,google/gemini-2.5-flash,closed,False,at least one tagged model is closed/API-only,unknown,none,base=unknown; teacher=none; lineage uncertain,1055,0.6
algorithmic_lcb,llmrouterbench_livecodebench,gemini-2.5-pro,gemini-2.5-pro,llmrouterbench,gemini-2.5-pro,google/gemini-2.5-pro,closed,False,at least one tagged model is closed/API-only,unknown,none,base=unknown; teacher=none; lineage uncertain,1055,0.791469
algorithmic_lcb,llmrouterbench_livecodebench,gemma-2-9b-it,gemma-2-9b-it,llmrouterbench,gemma-2-9b-it,google/gemma-2-9b,oss,True,all tagged models are OSS/open-weights,Gemma-2-9B,none,base=Gemma-2-9B; teacher=none; Google Gemma open-weights family,1055,0.172512
algorithmic_lcb,llmrouterbench_livecodebench,glm-4-9b-chat,glm-4-9b-chat,llmrouterbench,glm-4-9b-chat,zai/glm-4-9b,oss,True,all tagged models are OSS/open-weights,GLM-4-9B,none,base=GLM-4-9B; teacher=none; Z.ai GLM open-weights family,1055,0.16872
algorithmic_lcb,llmrouterbench_livecodebench,glm-4.6,glm-4.6,llmrouterbench,glm-4.6,zai/glm-4.6,oss,True,all tagged models are OSS/open-weights,GLM-4.6,none,base=GLM-4.6; teacher=none; Z.ai GLM open-weights family,1055,0.63128
algorithmic_lcb,llmrouterbench_livecodebench,gpt-4.1,gpt-4.1,llmrouterbench,gpt-4.1,openai/gpt-4.1,closed,False,at least one tagged model is closed/API-only,unknown,none,base=unknown; teacher=none; lineage uncertain,1055,0.545972
algorithmic_lcb,llmrouterbench_livecodebench,gpt-5,gpt-5,llmrouterbench,gpt-5,openai/gpt-5,closed,False,at least one tagged model is closed/API-only,unknown,none,base=unknown; teacher=none; lineage uncertain,1055,0.864455
algorithmic_lcb,llmrouterbench_livecodebench,gpt-5-chat,gpt-5-chat,llmrouterbench,gpt-5-chat,openai/gpt-5,closed,False,at least one tagged model is closed/API-only,unknown,none,base=unknown; teacher=none; lineage uncertain,1055,0.621801
algorithmic_lcb,llmrouterbench_livecodebench,granite-3.3-8b-instruct,granite-3.3-8b-instruct,llmrouterbench,granite-3.3-8b-instruct,ibm/granite-3.3-8b,oss,True,all tagged models are OSS/open-weights,Granite-3.3-8B,none,base=Granite-3.3-8B; teacher=none; IBM Granite open-weights family,1055,0.14218
algorithmic_lcb,llmrouterbench_livecodebench,intern-s1,intern-s1,llmrouterbench,intern-s1,internlm/intern-s1,oss,True,all tagged models are OSS/open-weights,Intern-S1,none,base=Intern-S1; teacher=none; InternLM open-weights family,1055,0.491943
algorithmic_lcb,llmrouterbench_livecodebench,intern-s1-new,intern-s1-new,llmrouterbench,intern-s1-new,internlm/intern-s1,oss,True,all tagged models are OSS/open-weights,Intern-S1,none,base=Intern-S1; teacher=none; InternLM open-weights family,1055,0.756398
algorithmic_lcb,llmrouterbench_livecodebench,internlm3-8b-instruct,internlm3-8b-instruct,llmrouterbench,internlm3-8b-instruct,internlm/internlm3-8b,oss,True,all tagged models are OSS/open-weights,InternLM3-8B,none,base=InternLM3-8B; teacher=none; InternLM open-weights family,1055,0.212322
algorithmic_lcb,llmrouterbench_livecodebench,kimi-k2-0905,kimi-k2-0905,llmrouterbench,kimi-k2-0905,moonshot/kimi-k2,oss,True,all tagged models are OSS/open-weights,Kimi K2,none,base=Kimi K2; teacher=none; Moonshot Kimi K2 open-weights MoE,1055,0.672986
algorithmic_lcb,llmrouterbench_livecodebench,qwen3-235b-a22b-2507,qwen3-235b-a22b-2507,llmrouterbench,qwen3-235b-a22b-2507,qwen/qwen3-235b-a22b,oss,True,all tagged models are OSS/open-weights,Qwen3-235B-A22B,none,base=Qwen3-235B-A22B; teacher=none; Qwen3 MoE open-weights family,1055,0.641706
algorithmic_lcb,llmrouterbench_livecodebench,qwen3-235b-a22b-no-thinking,qwen3-235b-a22b-no-thinking,llmrouterbench,qwen3-235b-a22b-no-thinking,qwen/qwen3-235b-a22b,oss,True,all tagged models are OSS/open-weights,Qwen3-235B-A22B,none,base=Qwen3-235B-A22B; teacher=none; Qwen3 MoE open-weights family,1055,0.50237
algorithmic_lcb,llmrouterbench_livecodebench,qwen3-235b-a22b-thinking,qwen3-235b-a22b-thinking,llmrouterbench,qwen3-235b-a22b-thinking,qwen/qwen3-235b-a22b,oss,True,all tagged models are OSS/open-weights,Qwen3-235B-A22B,none,base=Qwen3-235B-A22B; teacher=none; Qwen3 MoE open-weights family,1055,0.781043
algorithmic_lcb,llmrouterbench_livecodebench,qwen3-235b-a22b-thinking-2507,qwen3-235b-a22b-thinking-2507,llmrouterbench,qwen3-235b-a22b-thinking-2507,qwen/qwen3-235b-a22b,oss,True,all tagged models are OSS/open-weights,Qwen3-235B-A22B,none,base=Qwen3-235B-A22B; teacher=none; Qwen3 MoE open-weights family,1055,0.783886
mbpp_humaneval,mbpp_humaneval,DeepHermes-3-Llama-3-8B-Preview,DeepHermes-3-Llama-3-8B-Preview,llmrouterbench,DeepHermes-3-Llama-3-8B-Preview,deephermes-3-llama-3-8b,oss,True,all tagged models are OSS/open-weights,Llama-3-8B,Nous/Hermes synthetic data (uncertain),base=Llama-3-8B; teacher=Nous/Hermes synthetic data (uncertain); Llama derivative,1138,0.536028
mbpp_humaneval,mbpp_humaneval,DeepSeek-R1-0528-Qwen3-8B,DeepSeek-R1-0528-Qwen3-8B,llmrouterbench,DeepSeek-R1-0528-Qwen3-8B,deepseek/deepseek-r1-qwen3-8b,oss,True,all tagged models are OSS/open-weights,Qwen3-8B,DeepSeek-R1-0528,base=Qwen3-8B; teacher=DeepSeek-R1-0528; DeepSeek R1 distill on Qwen3-8B,1138,0.335677
mbpp_humaneval,mbpp_humaneval,DeepSeek-R1-Distill-Qwen-7B,DeepSeek-R1-Distill-Qwen-7B,llmrouterbench,DeepSeek-R1-Distill-Qwen-7B,deepseek/deepseek-r1-distill-qwen-7b,oss,True,all tagged models are OSS/open-weights,Qwen/Qwen2.5 family 7B,DeepSeek-R1,base=Qwen/Qwen2.5 family 7B; teacher=DeepSeek-R1; DeepSeek R1 distill on Qwen 7B,1138,0.523726
mbpp_humaneval,mbpp_humaneval,Fin-R1,Fin-R1,llmrouterbench,Fin-R1,fin-r1,oss,True,all tagged models are OSS/open-weights,unknown,DeepSeek-R1 (uncertain),base=unknown; teacher=DeepSeek-R1 (uncertain); R1-style open fine-tune; base uncertain,1138,0.702109
mbpp_humaneval,mbpp_humaneval,GLM-Z1-9B-0414,GLM-Z1-9B-0414,llmrouterbench,GLM-Z1-9B-0414,zai/glm-z1-9b,oss,True,all tagged models are OSS/open-weights,GLM-4-9B,GLM-Z1/RL (uncertain),base=GLM-4-9B; teacher=GLM-Z1/RL (uncertain); Z.ai GLM-Z1 open reasoning family,1138,0.625659
mbpp_humaneval,mbpp_humaneval,Intern-S1-mini,Intern-S1-mini,llmrouterbench,Intern-S1-mini,internlm/intern-s1-mini,oss,True,all tagged models are OSS/open-weights,Intern-S1-mini,none,base=Intern-S1-mini; teacher=none; InternLM open-weights family,1138,0.439367
mbpp_humaneval,mbpp_humaneval,Llama-3.1-8B-Instruct,Llama-3.1-8B-Instruct,llmrouterbench,Llama-3.1-8B-Instruct,meta/llama-3.1-8b,oss,True,all tagged models are OSS/open-weights,Llama-3.1-8B,none,base=Llama-3.1-8B; teacher=none; Meta Llama open-weights family,1138,0.608084
mbpp_humaneval,mbpp_humaneval,Llama-3.1-8B-UltraMedical,Llama-3.1-8B-UltraMedical,llmrouterbench,Llama-3.1-8B-UltraMedical,meta/llama-3.1-8b-ultramedical,oss,True,all tagged models are OSS/open-weights,Llama-3.1-8B,UltraMedical fine-tune (uncertain),base=Llama-3.1-8B; teacher=UltraMedical fine-tune (uncertain); Llama derivative,1138,0.542179
mbpp_humaneval,mbpp_humaneval,Llama-3.1-Nemotron-Nano-8B-v1,Llama-3.1-Nemotron-Nano-8B-v1,llmrouterbench,Llama-3.1-Nemotron-Nano-8B-v1,nvidia/llama-3.1-nemotron-nano,oss,True,all tagged models are OSS/open-weights,Llama-3.1,NVIDIA Nemotron alignment (uncertain),base=Llama-3.1; teacher=NVIDIA Nemotron alignment (uncertain); NVIDIA Nemotron derivative of Llama,1138,0.616872
mbpp_humaneval,mbpp_humaneval,MiMo-7B-RL-0530,MiMo-7B-RL-0530,llmrouterbench,MiMo-7B-RL-0530,mimo-7b,oss,True,all tagged models are OSS/open-weights,MiMo-7B,RL fine-tune (uncertain),base=MiMo-7B; teacher=RL fine-tune (uncertain); open small reasoning model,1138,0.561511
mbpp_humaneval,mbpp_humaneval,MiniCPM4.1-8B,MiniCPM4.1-8B,llmrouterbench,MiniCPM4.1-8B,minicpm4.1-8b,oss,True,all tagged models are OSS/open-weights,MiniCPM4.1-8B,none,base=MiniCPM4.1-8B; teacher=none; MiniCPM open-weights family,1138,0.339192
mbpp_humaneval,mbpp_humaneval,NVIDIA-Nemotron-Nano-9B-v2,NVIDIA-Nemotron-Nano-9B-v2,llmrouterbench,NVIDIA-Nemotron-Nano-9B-v2,nvidia-nemotron-nano-9b-v2,oss,True,all tagged models are OSS/open-weights,Llama-3.1,NVIDIA Nemotron alignment (uncertain),base=Llama-3.1; teacher=NVIDIA Nemotron alignment (uncertain); NVIDIA Nemotron derivative of Llama,1138,0.429701
mbpp_humaneval,mbpp_humaneval,OpenThinker3-7B,OpenThinker3-7B,llmrouterbench,OpenThinker3-7B,openthinker3-7b,oss,True,all tagged models are OSS/open-weights,Qwen-family 7B (uncertain),DeepSeek-R1 (uncertain),base=Qwen-family 7B (uncertain); teacher=DeepSeek-R1 (uncertain); open reasoning distill; exact base uncertain,1138,0.111599
mbpp_humaneval,mbpp_humaneval,Qwen2.5-Coder-7B-Instruct,Qwen2.5-Coder-7B-Instruct,llmrouterbench,Qwen2.5-Coder-7B-Instruct,qwen/qwen2.5-coder,oss,True,all tagged models are OSS/open-weights,Qwen2.5-Coder,none,base=Qwen2.5-Coder; teacher=none; Qwen2.5-Coder open-weights family,1138,0.761863
mbpp_humaneval,mbpp_humaneval,Qwen3-8B,Qwen3-8B,llmrouterbench,Qwen3-8B,qwen/qwen3-8b,oss,True,all tagged models are OSS/open-weights,Qwen3-8B,none,base=Qwen3-8B; teacher=none; Qwen3 open-weights family,1138,0.557996
mbpp_humaneval,mbpp_humaneval,cogito-v1-preview-llama-8B,cogito-v1-preview-llama-8B,llmrouterbench,cogito-v1-preview-llama-8B,cogito-v1-llama-8b,oss,True,all tagged models are OSS/open-weights,Llama-3.x-8B,Cogito alignment (uncertain),base=Llama-3.x-8B; teacher=Cogito alignment (uncertain); Llama derivative,1138,0.544815
mbpp_humaneval,mbpp_humaneval,gemma-2-9b-it,gemma-2-9b-it,llmrouterbench,gemma-2-9b-it,google/gemma-2-9b,oss,True,all tagged models are OSS/open-weights,Gemma-2-9B,none,base=Gemma-2-9B; teacher=none; Google Gemma open-weights family,1138,0.627417
mbpp_humaneval,mbpp_humaneval,glm-4-9b-chat,glm-4-9b-chat,llmrouterbench,glm-4-9b-chat,zai/glm-4-9b,oss,True,all tagged models are OSS/open-weights,GLM-4-9B,none,base=GLM-4-9B; teacher=none; Z.ai GLM open-weights family,1138,0.644991
mbpp_humaneval,mbpp_humaneval,granite-3.3-8b-instruct,granite-3.3-8b-instruct,llmrouterbench,granite-3.3-8b-instruct,ibm/granite-3.3-8b,oss,True,all tagged models are OSS/open-weights,Granite-3.3-8B,none,base=Granite-3.3-8B; teacher=none; IBM Granite open-weights family,1138,0.386643
mbpp_humaneval,mbpp_humaneval,internlm3-8b-instruct,internlm3-8b-instruct,llmrouterbench,internlm3-8b-instruct,internlm/internlm3-8b,oss,True,all tagged models are OSS/open-weights,InternLM3-8B,none,base=InternLM3-8B; teacher=none; InternLM open-weights family,1137,0.613017
repo_bugfix_model,llmrouterbench_swebench,claude-opus-4.1,claude-opus-4.1,llmrouterbench,claude-opus-4.1,anthropic/claude-opus-4,closed,False,at least one tagged model is closed/API-only,unknown,none,base=unknown; teacher=none; lineage uncertain,500,0.416
repo_bugfix_model,llmrouterbench_swebench,claude-sonnet-4,claude-sonnet-4,llmrouterbench,claude-sonnet-4,anthropic/claude-sonnet-4,closed,False,at least one tagged model is closed/API-only,unknown,none,base=unknown; teacher=none; lineage uncertain,500,0.346
repo_bugfix_model,llmrouterbench_swebench,deepseek-r1-0528,deepseek-r1-0528,llmrouterbench,deepseek-r1-0528,deepseek/deepseek-r1,oss,True,all tagged models are OSS/open-weights,DeepSeek-R1,none,base=DeepSeek-R1; teacher=none; DeepSeek-R1 open-weights reasoning family,500,0.286
repo_bugfix_model,llmrouterbench_swebench,deepseek-v3-0324,deepseek-v3-0324,llmrouterbench,deepseek-v3-0324,deepseek/deepseek-v3,oss,True,all tagged models are OSS/open-weights,DeepSeek-V3,none,base=DeepSeek-V3; teacher=none; DeepSeek-V3 open-weights family,500,0.25
repo_bugfix_model,llmrouterbench_swebench,deepseek-v3.1-terminus,deepseek-v3.1-terminus,llmrouterbench,deepseek-v3.1-terminus,deepseek/deepseek-v3,oss,True,all tagged models are OSS/open-weights,DeepSeek-V3,none,base=DeepSeek-V3; teacher=none; DeepSeek-V3 open-weights family,500,0.254
repo_bugfix_model,llmrouterbench_swebench,gemini-2.5-flash,gemini-2.5-flash,llmrouterbench,gemini-2.5-flash,google/gemini-2.5-flash,closed,False,at least one tagged model is closed/API-only,unknown,none,base=unknown; teacher=none; lineage uncertain,500,0.182
repo_bugfix_model,llmrouterbench_swebench,gemini-2.5-pro,gemini-2.5-pro,llmrouterbench,gemini-2.5-pro,google/gemini-2.5-pro,closed,False,at least one tagged model is closed/API-only,unknown,none,base=unknown; teacher=none; lineage uncertain,500,0.346
repo_bugfix_model,llmrouterbench_swebench,glm-4.6,glm-4.6,llmrouterbench,glm-4.6,zai/glm-4.6,oss,True,all tagged models are OSS/open-weights,GLM-4.6,none,base=GLM-4.6; teacher=none; Z.ai GLM open-weights family,500,0.218
repo_bugfix_model,llmrouterbench_swebench,gpt-5,gpt-5,llmrouterbench,gpt-5,openai/gpt-5,closed,False,at least one tagged model is closed/API-only,unknown,none,base=unknown; teacher=none; lineage uncertain,500,0.158
repo_bugfix_model,llmrouterbench_swebench,gpt-5-chat,gpt-5-chat,llmrouterbench,gpt-5-chat,openai/gpt-5,closed,False,at least one tagged model is closed/API-only,unknown,none,base=unknown; teacher=none; lineage uncertain,500,0.088
repo_bugfix_model,llmrouterbench_swebench,intern-s1,intern-s1,llmrouterbench,intern-s1,internlm/intern-s1,oss,True,all tagged models are OSS/open-weights,Intern-S1,none,base=Intern-S1; teacher=none; InternLM open-weights family,500,0.078
repo_bugfix_model,llmrouterbench_swebench,kimi-k2-0905,kimi-k2-0905,llmrouterbench,kimi-k2-0905,moonshot/kimi-k2,oss,True,all tagged models are OSS/open-weights,Kimi K2,none,base=Kimi K2; teacher=none; Moonshot Kimi K2 open-weights MoE,500,0.234
repo_bugfix_model,llmrouterbench_swebench,qwen3-235b-a22b-2507,qwen3-235b-a22b-2507,llmrouterbench,qwen3-235b-a22b-2507,qwen/qwen3-235b-a22b,oss,True,all tagged models are OSS/open-weights,Qwen3-235B-A22B,none,base=Qwen3-235B-A22B; teacher=none; Qwen3 MoE open-weights family,500,0.162
repo_bugfix_model,llmrouterbench_swebench,qwen3-235b-a22b-thinking-2507,qwen3-235b-a22b-thinking-2507,llmrouterbench,qwen3-235b-a22b-thinking-2507,qwen/qwen3-235b-a22b,oss,True,all tagged models are OSS/open-weights,Qwen3-235B-A22B,none,base=Qwen3-235B-A22B; teacher=none; Qwen3 MoE open-weights family,500,0.214
repo_bugfix_system_verified,swe_verified,20251127_openhands_claude-opus-4-5,20251127_openhands_claude-opus-4-5 [20251127_openhands_claude-opus-4-5],openhands,,system/openhands,unknown,False,no explicit model tag; system excluded from OSS universe,unknown,none,base=unknown; teacher=none; missing explicit model tag,500,0.776
repo_bugfix_system_verified,swe_verified,20250819_ACoder,ACoder [20250819_ACoder],acoder,claude-4-sonnet; claude-4.1-opus; gpt-5-0807-global; gemini-2.5-pro-06-17,anthropic/claude-opus-4+anthropic/claude-sonnet-4+google/gemini-2.5-pro+openai/gpt-5,closed,False,at least one tagged model is closed/API-only,unknown,none,base=unknown; teacher=none; lineage uncertain | base=unknown; teacher=none; lineage uncertain | base=unknown; teacher=none; lineage uncertain | base=unknown; teacher=none; lineage uncertain,500,0.764
repo_bugfix_system_verified,swe_verified,20250206_agentscope,AgentScope [20250206_agentscope],agentscope,claude-3-5-sonnet-20241022,anthropic/claude-sonnet-4,closed,False,at least one tagged model is closed/API-only,unknown,none,base=unknown; teacher=none; lineage uncertain,500,0.634
repo_bugfix_system_verified,swe_verified,20250214_agentless_lite_o3_mini,Agentless Lite + O3 Mini (20250214) [20250214_agentless_lite_o3_mini],agentless,o3-mini,o3-mini,closed,False,at least one tagged model is closed/API-only,unknown,none,base=unknown; teacher=none; lineage uncertain,500,0.424
repo_bugfix_system_verified,swe_verified,20250514_aime_coder,Aime-coder v1 + Anthopic Claude 3.7 Sonnet [20250514_aime_coder],aime,claude-3-7-sonnet-20250219,anthropic/claude-3.7-sonnet,closed,False,at least one tagged model is closed/API-only,unknown,none,base=unknown; teacher=none; lineage uncertain,500,0.664
repo_bugfix_system_verified,swe_verified,20250527_amazon.nova-premier-v1.0,Amazon Nova Premier 1.0 (2025-04-30) [20250527_amazon.nova-premier-v1.0],amazon,amazon.nova-premier-v1:0,amazon-nova-premier-v1-0,closed,False,at least one tagged model is closed/API-only,unknown,none,base=unknown; teacher=none; lineage uncertain,500,0.424
repo_bugfix_system_verified,swe_verified,20250405_amazon-q-developer-agent-20250405-dev,Amazon Q Developer Agent (v20250405-dev) [20250405_amazon-q-developer-agent-20250405-dev],amazon-q,,system/amazon-q,unknown,False,no explicit model tag; system excluded from OSS universe,unknown,none,base=unknown; teacher=none; missing explicit model tag,500,0.654
repo_bugfix_system_verified,swe_verified,20250924_artemis_agent_v2,Artemis Agent v2 (2025-09-24) [20250924_artemis_agent_v2],artemis,claude-sonnet-4-20250514,anthropic/claude-sonnet-4,closed,False,at least one tagged model is closed/API-only,unknown,none,base=unknown; teacher=none; lineage uncertain,500,0.57
repo_bugfix_system_verified,swe_verified,20250902_atlassian-rovo-dev,Atlassian Rovo Dev (2025-09-02) [20250902_atlassian-rovo-dev],atlassian,claude-sonnet-4-20250514; gpt-5,anthropic/claude-sonnet-4+openai/gpt-5,closed,False,at least one tagged model is closed/API-only,unknown,none,base=unknown; teacher=none; lineage uncertain | base=unknown; teacher=none; lineage uncertain,500,0.768
repo_bugfix_system_verified,swe_verified,20250316_augment_agent_v0,Augment Agent v0 [20250316_augment_agent_v0],augment,,system/augment,unknown,False,no explicit model tag; system excluded from OSS universe,unknown,none,base=unknown; teacher=none; missing explicit model tag,500,0.654
repo_bugfix_system_verified,swe_verified,20250610_augment_agent_v1,Augment Agent v1 [20250610_augment_agent_v1],augment,,system/augment,unknown,False,no explicit model tag; system excluded from OSS universe,unknown,none,base=unknown; teacher=none; missing explicit model tag,500,0.704
repo_bugfix_system_verified,swe_verified,20250122_autocoderover-v2.1-claude-3-5-sonnet-20241022,AutoCodeRover-v2.1 (Claude-3.5-Sonnet-20241022) [20250122_autocoderover-v2.1-claude-3-5-sonnet-20241022],autocoderover,claude-3-5-sonnet-20241022,anthropic/claude-sonnet-4,closed,False,at least one tagged model is closed/API-only,unknown,none,base=unknown; teacher=none; lineage uncertain,500,0.516
repo_bugfix_system_verified,swe_verified,20250110_blackboxai_agent_v1.1,Blackbox AI Agent [20250110_blackboxai_agent_v1.1],blackbox,,system/blackbox,unknown,False,no explicit model tag; system excluded from OSS universe,unknown,none,base=unknown; teacher=none; missing explicit model tag,500,0.628
repo_bugfix_system_verified,swe_verified,20250710_bloop,Bloop [20250710_bloop],bloop,claude-4-sonnet-20250514,anthropic/claude-sonnet-4,closed,False,at least one tagged model is closed/API-only,unknown,none,base=unknown; teacher=none; lineage uncertain,500,0.712
repo_bugfix_system_verified,swe_verified,20250120_Bracket,Bracket.sh [20250120_Bracket],bracket,,system/bracket,unknown,False,no explicit model tag; system excluded from OSS universe,unknown,none,base=unknown; teacher=none; missing explicit model tag,500,0.532
repo_bugfix_system_verified,swe_verified,20250118_codeshellagent_gemini_2.0_flash_experimental,CodeShellAgent + Gemini 2.0 Flash (Experimental) [20250118_codeshellagent_gemini_2.0_flash_experimental],codeshellagent,gemini-2.0-flash-exp,gemini-2-0-flash-exp,closed,False,at least one tagged model is closed/API-only,unknown,none,base=unknown; teacher=none; lineage uncertain,500,0.442
repo_bugfix_system_verified,swe_verified,20250804_codesweep_sweagent_kimi_k2_instruct,CodeSweep - SWE-agent - Kimi K2 Instruct [20250804_codesweep_sweagent_kimi_k2_instruct],swe-agent,kimi-k2-instruct,moonshot/kimi-k2,oss,True,all tagged models are OSS/open-weights,Kimi K2,none,base=Kimi K2; teacher=none; Moonshot Kimi K2 open-weights MoE,500,0.534
repo_bugfix_system_verified,swe_verified,20250629_deepswerl_r2eagent_tts,DeepSWE-Preview + TTS(Bo16) [20250629_deepswerl_r2eagent_tts],deepswe,https://huggingface.co/agentica-org/DeepSWE-Preview,https-huggingface-co-agentica-org-deepswe-preview,oss,True,all tagged models are OSS/open-weights,unknown,none,base=unknown; teacher=none; lineage uncertain,500,0.588
repo_bugfix_system_verified,swe_verified,20250629_deepswerl_r2eagent,DeepSWE-Preview [20250629_deepswerl_r2eagent],deepswe,https://huggingface.co/agentica-org/DeepSWE-Preview,https-huggingface-co-agentica-org-deepswe-preview,oss,True,all tagged models are OSS/open-weights,unknown,none,base=unknown; teacher=none; lineage uncertain,500,0.422
repo_bugfix_system_verified,swe_verified,20250228_epam-ai-run-claude-3-5-sonnet,EPAM AI/Run Developer Agent v20250219 + Anthopic Claude 3.5 Sonnet [20250228_epam-ai-run-claude-3-5-sonnet],epam-ai-run,claude-3-5-sonnet-20241022,anthropic/claude-sonnet-4,closed,False,at least one tagged model is closed/API-only,unknown,none,base=unknown; teacher=none; lineage uncertain,500,0.628
repo_bugfix_system_verified,swe_verified,20250804_epam-ai-run-claude-4-sonnet,EPAM AI/Run Developer Agent v20250719 + Claude 4 Sonnet [20250804_epam-ai-run-claude-4-sonnet],epam-ai-run,claude-sonnet-4-20250514,anthropic/claude-sonnet-4,closed,False,at least one tagged model is closed/API-only,unknown,none,base=unknown; teacher=none; lineage uncertain,500,0.768
repo_bugfix_system_verified,swe_verified,20250901_entroPO_R2E_QwenCoder30BA3B,EntroPO + R2E + Qwen3-Coder-30B-A3B-Instruct [20250901_entroPO_R2E_QwenCoder30BA3B],entropo,Qwen3-Coder-30B-A3B-Instruct,qwen/qwen3-coder,oss,True,all tagged models are OSS/open-weights,Qwen3-Coder,none,base=Qwen3-Coder; teacher=none; Qwen3-Coder open-weights family,500,0.522
repo_bugfix_system_verified,swe_verified,20250901_entroPO_R2E_QwenCoder30BA3B_tts,EntroPO + R2E + Qwen3-Coder-30B-A3B-Instruct [20250901_entroPO_R2E_QwenCoder30BA3B_tts],entropo,Qwen3-Coder-30B-A3B-Instruct,qwen/qwen3-coder,oss,True,all tagged models are OSS/open-weights,Qwen3-Coder,none,base=Qwen3-Coder; teacher=none; Qwen3-Coder open-weights family,500,0.604
repo_bugfix_system_verified,swe_verified,20251110_frogboss-32b,FrogBoss-32B-2510 [20251110_frogboss-32b],frogboss,FrogBoss-32B-2510,frogboss-32b-2510,unknown,False,one or more tagged models are not confirmed open-weights,unknown,none,base=unknown; teacher=none; lineage uncertain,500,0.536
repo_bugfix_system_verified,swe_verified,20251110_frogmini-14b,FrogMini-14B-2510 [20251110_frogmini-14b],frogmini,FrogMini-14B-2510,frogmini-14b-2510,unknown,False,one or more tagged models are not confirmed open-weights,unknown,none,base=unknown; teacher=none; lineage uncertain,500,0.45
repo_bugfix_system_verified,swe_verified,20250731_harness_ai,Harness AI [20250731_harness_ai],harness,claude-sonnet-4-20250514,anthropic/claude-sonnet-4,closed,False,at least one tagged model is closed/API-only,unknown,none,base=unknown; teacher=none; lineage uncertain,500,0.748
repo_bugfix_system_verified,swe_verified,20250915_JoyCode,JoyCode + Claude 4 Sonnet + GPT-4.1 [20250915_JoyCode],joycode,claude-4-sonnet; gpt-4.1,anthropic/claude-sonnet-4+openai/gpt-4.1,closed,False,at least one tagged model is closed/API-only,unknown,none,base=unknown; teacher=none; lineage uncertain | base=unknown; teacher=none; lineage uncertain,500,0.746
repo_bugfix_system_verified,swe_verified,20250110_learn_by_interact_claude3.5,Learn-by-interact [20250110_learn_by_interact_claude3.5],learn,claude-3-5-sonnet-20241022,anthropic/claude-sonnet-4,closed,False,at least one tagged model is closed/API-only,unknown,none,base=unknown; teacher=none; lineage uncertain,500,0.602
repo_bugfix_system_verified,swe_verified,20251014_Lingxi_kimi_k2,Lingxi v1.5 x Kimi K2 [20251014_Lingxi_kimi_k2],lingxi,kimi-k2-0905-preview,moonshot/kimi-k2,oss,True,all tagged models are OSS/open-weights,Kimi K2,none,base=Kimi K2; teacher=none; Moonshot Kimi K2 open-weights MoE,500,0.712
repo_bugfix_system_verified,swe_verified,20250720_Lingxi-v1.5_claude-4-sonnet-20250514,Lingxi-v1.5_claude-4-sonnet-20250514 [20250720_Lingxi-v1.5_claude-4-sonnet-20250514],lingxi,claude-4-sonnet-20250514,anthropic/claude-sonnet-4,closed,False,at least one tagged model is closed/API-only,unknown,none,base=unknown; teacher=none; lineage uncertain,500,0.746
repo_bugfix_system_verified,swe_verified,20250627_agentless_MCTS-Refine-7B,MCTS-Refine-7B [20250627_agentless_MCTS-Refine-7B],agentless,MCTS-Refine-7B,mcts-refine-7b,oss,True,all tagged models are OSS/open-weights,MCTS-Refine-7B,uncertain,base=MCTS-Refine-7B; teacher=uncertain; open SWE fine-tune; exact ancestry uncertain,500,0.232
repo_bugfix_system_verified,swe_verified,20250611_moatless_claude-4-sonnet-20250514,Moatless Tools + Claude 4 Sonnet [20250611_moatless_claude-4-sonnet-20250514],tools,claude-4-sonnet-20250514,anthropic/claude-sonnet-4,closed,False,at least one tagged model is closed/API-only,unknown,none,base=unknown; teacher=none; lineage uncertain,500,0.708
repo_bugfix_system_verified,swe_verified,20250410_cortexa,Nemotron-CORTEXA [20250410_cortexa],nemotron,NV-EmbedCode; claude-3-5-sonnet-20241022; deepseek-v3; o3-mini; gpt-4o-2024-05-13; gpt-4-turbo-2024-04-09; Qwen/Qwen2.5-72B-Instruct; meta-llama/Llama-3.1-405B-Instruct; meta-llama/Llama-3.3-70B-Instruct,anthropic/claude-sonnet-4+deepseek/deepseek-v3+gpt-4-turbo-2024-04-09+gpt-4o-2024-05-13+meta-llama-llama-3-1-405b-instruct+meta-llama-llama-3-3-70b-instruct+nv-embedcode+o3-mini+qwen-qwen2-5-72b-instruct,closed,False,at least one tagged model is closed/API-only,DeepSeek-V3+Qwen2.5-Coder,none,base=unknown; teacher=none; lineage uncertain | base=unknown; teacher=none; lineage uncertain | base=DeepSeek-V3; teacher=none; DeepSeek-V3 open-weights family | base=unknown; teacher=none; lineage uncertain | base=unknown; teacher=none; lineage uncertain | base=unknown; teacher=none; lineage uncertain | base=Qwen2.5-Coder; teacher=none; Qwen2.5-Coder open-weights family | base=unknown; teacher=none; lineage uncertain | base=unknown; teacher=none; lineage uncertain,500,0.582
repo_bugfix_system_verified,swe_verified,20250516_cortexa_o3,Nemotron-CORTEXA [20250516_cortexa_o3],nemotron,NV-EmbedCode; o3; o3-mini; o1; gpt-4.1; gpt-4o-2024-05-13; gpt-4-turbo-2024-04-09; claude-3-7-sonnet-20250219; deepseek-v3; Qwen/Qwen2.5-72B-Instruct; meta-llama/Llama-3.1-405B-Instruct; meta-llama/Llama-3.3-70B-Instruct,anthropic/claude-3.7-sonnet+deepseek/deepseek-v3+gpt-4-turbo-2024-04-09+gpt-4o-2024-05-13+meta-llama-llama-3-1-405b-instruct+meta-llama-llama-3-3-70b-instruct+nv-embedcode+o1+o3+o3-mini+openai/gpt-4.1+qwen-qwen2-5-72b-instruct,closed,False,at least one tagged model is closed/API-only,DeepSeek-V3+Qwen2.5-Coder,none,base=unknown; teacher=none; lineage uncertain | base=unknown; teacher=none; lineage uncertain | base=unknown; teacher=none; lineage uncertain | base=unknown; teacher=none; lineage uncertain | base=unknown; teacher=none; lineage uncertain | base=unknown; teacher=none; lineage uncertain | base=unknown; teacher=none; lineage uncertain | base=unknown; teacher=none; lineage uncertain | base=DeepSeek-V3; teacher=none; DeepSeek-V3 open-weights family | base=Qwen2.5-Coder; teacher=none; Qwen2.5-Coder open-weights family | base=unknown; teacher=none; lineage uncertain | base=unknown; teacher=none; lineage uncertain,500,0.682
repo_bugfix_system_verified,swe_verified,20250203_openhands_4x_scaled,OpenHands + 4x Scaled (2024-02-03) [20250203_openhands_4x_scaled],openhands,,system/openhands,unknown,False,no explicit model tag; system excluded from OSS universe,unknown,none,base=unknown; teacher=none; missing explicit model tag,500,0.608
repo_bugfix_system_verified,swe_verified,20250524_openhands_claude_4_sonnet,OpenHands + Claude 4 Sonnet [20250524_openhands_claude_4_sonnet],openhands,claude-4-sonnet-20250514,anthropic/claude-sonnet-4,closed,False,at least one tagged model is closed/API-only,unknown,none,base=unknown; teacher=none; lineage uncertain,500,0.704
repo_bugfix_system_verified,swe_verified,20250520_openhands_devstral_small,OpenHands + DevStral Small 2505 [20250520_openhands_devstral_small],openhands,mistralai/Devstral-Small-2505,mistralai-devstral-small-2505,oss,True,all tagged models are OSS/open-weights,Devstral/Mistral,none,base=Devstral/Mistral; teacher=none; Mistral/Devstral open-weights family,500,0.468
repo_bugfix_system_verified,swe_verified,20250807_openhands_gpt5,OpenHands + GPT-5 [20250807_openhands_gpt5],openhands,openai/gpt-5-2025-08-07,openai/gpt-5,closed,False,at least one tagged model is closed/API-only,unknown,none,base=unknown; teacher=none; lineage uncertain,500,0.718
repo_bugfix_system_verified,swe_verified,20250716_openhands_kimi_k2,OpenHands + Kimi K2 [20250716_openhands_kimi_k2],openhands,moonshot/kimi-k2-0711-preview,moonshot/kimi-k2,oss,True,all tagged models are OSS/open-weights,Kimi K2,none,base=Kimi K2; teacher=none; Moonshot Kimi K2 open-weights MoE,500,0.654
repo_bugfix_system_verified,swe_verified,20250415_openhands,OpenHands [20250415_openhands],openhands,,system/openhands,unknown,False,no explicit model tag; system excluded from OSS universe,unknown,none,base=unknown; teacher=none; missing explicit model tag,500,0.658
repo_bugfix_system_verified,swe_verified,20250528_patchpilot_Co-PatcheR,PatchPilot + Co-PatcheR [20250528_patchpilot_Co-PatcheR],patchpilot,,system/patchpilot,unknown,False,no explicit model tag; system excluded from OSS universe,unknown,none,base=unknown; teacher=none; missing explicit model tag,500,0.46
repo_bugfix_system_verified,swe_verified,20250503_patchpilot-v1.1-o4-mini,PatchPilot-v1.1 [20250503_patchpilot-v1.1-o4-mini],patchpilot,o4-mini,openai/o4-mini,closed,False,at least one tagged model is closed/API-only,unknown,none,base=unknown; teacher=none; lineage uncertain,500,0.646
repo_bugfix_system_verified,swe_verified,20250715_qodo_command,Qodo Command [20250715_qodo_command],qodo,claude-sonnet-4-20250514; gpt-4o,anthropic/claude-sonnet-4+gpt-4o,closed,False,at least one tagged model is closed/API-only,unknown,none,base=unknown; teacher=none; lineage uncertain | base=unknown; teacher=none; lineage uncertain,500,0.712
repo_bugfix_system_verified,swe_verified,20250603_Refact_Agent_claude-4-sonnet,Refact.ai Agent + Claude 4 Sonnet + o4-mini [20250603_Refact_Agent_claude-4-sonnet],refact,claude-4-sonnet; o4-mini,anthropic/claude-sonnet-4+openai/o4-mini,closed,False,at least one tagged model is closed/API-only,unknown,none,base=unknown; teacher=none; lineage uncertain | base=unknown; teacher=none; lineage uncertain,500,0.744
repo_bugfix_system_verified,swe_verified,20250515_Refact_Agent,Refact.ai Agent [20250515_Refact_Agent],refact,claude-3-7-sonnet-20250219; o3; o4-mini,anthropic/claude-3.7-sonnet+o3+openai/o4-mini,closed,False,at least one tagged model is closed/API-only,unknown,none,base=unknown; teacher=none; lineage uncertain | base=unknown; teacher=none; lineage uncertain | base=unknown; teacher=none; lineage uncertain,500,0.704
repo_bugfix_system_verified,swe_verified,20250306_SWE-Fixer_Qwen2.5-7b-retriever_Qwen2.5-72b-editor,SWE-Fixer (Qwen2.5-7b retriever + Qwen2.5-72b editor) [20250306_SWE-Fixer_Qwen2.5-7b-retriever_Qwen2.5-72b-editor],swe,Qwen 2.5,qwen-2-5,oss,True,all tagged models are OSS/open-weights,unknown,none,base=unknown; teacher=none; lineage uncertain,500,0.328
repo_bugfix_system_verified,swe_verified,20250226_swerl_llama3_70b,SWE-RL (Llama3-SWE-RL-70B + Agentless Mini) (20250226) [20250226_swerl_llama3_70b],agentless,Llama3-SWE-RL-70B,llama3-swe-rl-70b,oss,True,all tagged models are OSS/open-weights,unknown,none,base=unknown; teacher=none; lineage uncertain,500,0.412
repo_bugfix_system_verified,swe_verified,20250405_swe-rizzo_claude37,SWE-Rizzo [20250405_swe-rizzo_claude37],swe,,system/swe,unknown,False,no explicit model tag; system excluded from OSS universe,unknown,none,base=unknown; teacher=none; missing explicit model tag,500,0.566
repo_bugfix_system_verified,swe_verified,20250225_sweagent_claude-3-7-sonnet,SWE-agent + Claude 3.7 Sonnet w/ Review Heavy [20250225_sweagent_claude-3-7-sonnet],swe-agent,claude-3-7-sonnet-20250219,anthropic/claude-3.7-sonnet,closed,False,at least one tagged model is closed/API-only,unknown,none,base=unknown; teacher=none; lineage uncertain,500,0.624
repo_bugfix_system_verified,swe_verified,20250522_sweagent_claude-4-sonnet-20250514,SWE-agent + Claude 4 Sonnet [20250522_sweagent_claude-4-sonnet-20250514],swe-agent,claude-4-sonnet-20250514,anthropic/claude-sonnet-4,closed,False,at least one tagged model is closed/API-only,unknown,none,base=unknown; teacher=none; lineage uncertain,500,0.666
repo_bugfix_system_verified,swe_verified,20250725_sweagent_devstral_small_2507,SWE-agent + DevStral Small 2507 [20250725_sweagent_devstral_small_2507],swe-agent,devstral-small-2507,devstral-small-2507,oss,True,all tagged models are OSS/open-weights,Devstral/Mistral,none,base=Devstral/Mistral; teacher=none; Mistral/Devstral open-weights family,500,0.38
repo_bugfix_system_verified,swe_verified,20250511_sweagent_lm_32b,SWE-agent + SWE-agent-LM-32B [20250511_sweagent_lm_32b],swe-agent,Qwen 2.5,qwen-2-5,oss,True,all tagged models are OSS/open-weights,unknown,none,base=unknown; teacher=none; lineage uncertain,500,0.402
repo_bugfix_system_verified,swe_verified,20251103_SalesforceAIResearch_SAGE_OpenHands,Salesforce AI Research SAGE (OpenHands) [20251103_SalesforceAIResearch_SAGE_OpenHands],openhands,claude-sonnet-4.5; gpt-5,anthropic/claude-sonnet-4+openai/gpt-5,closed,False,at least one tagged model is closed/API-only,unknown,none,base=unknown; teacher=none; lineage uncertain | base=unknown; teacher=none; lineage uncertain,500,0.738
repo_bugfix_system_verified,swe_verified,20251021_SalesforceAIResearch_SAGE_bash_only,Salesforce AI Research SAGE (bash-only) [20251021_SalesforceAIResearch_SAGE_bash_only],salesforce-sage,claude-sonnet-4.5; gpt-5,anthropic/claude-sonnet-4+openai/gpt-5,closed,False,at least one tagged model is closed/API-only,unknown,none,base=unknown; teacher=none; lineage uncertain | base=unknown; teacher=none; lineage uncertain,500,0.73
repo_bugfix_system_verified,swe_verified,20250616_Skywork-SWE-32B+TTS_Bo8,Skywork-SWE-32B + TTS(Bo8) [20250616_Skywork-SWE-32B+TTS_Bo8],skywork,Qwen2.5-Coder-32B-Instruct,qwen/qwen2.5-coder,oss,True,all tagged models are OSS/open-weights,Qwen2.5-Coder,none,base=Qwen2.5-Coder; teacher=none; Qwen2.5-Coder open-weights family,500,0.47
repo_bugfix_system_verified,swe_verified,20250616_Skywork-SWE-32B,Skywork-SWE-32B [20250616_Skywork-SWE-32B],skywork,Qwen2.5-Coder-32B-Instruct,qwen/qwen2.5-coder,oss,True,all tagged models are OSS/open-weights,Qwen2.5-Coder,none,base=Qwen2.5-Coder; teacher=none; Qwen2.5-Coder open-weights family,500,0.38
repo_bugfix_system_verified,swe_verified,20251205_sonar-foundation-agent_claude-opus-4-5,Sonar Foundation Agent + Claude 4.5 Opus [20251205_sonar-foundation-agent_claude-opus-4-5],sonar-foundation-agent,claude-opus-4-5,anthropic/claude-opus-4,closed,False,at least one tagged model is closed/API-only,unknown,none,base=unknown; teacher=none; lineage uncertain,500,0.792
repo_bugfix_system_verified,swe_verified,20251103_sonar-foundation-agent_claude-sonnet-4-5,Sonar Foundation Agent + Claude 4.5 Sonnet [20251103_sonar-foundation-agent_claude-sonnet-4-5],sonar-foundation-agent,claude-sonnet-4-5,anthropic/claude-sonnet-4,closed,False,at least one tagged model is closed/API-only,unknown,none,base=unknown; teacher=none; lineage uncertain,500,0.748
repo_bugfix_system_verified,swe_verified,20250612_trae,TRAE + Claude Sonnet 4 + Opus 4 + Sonnet 3.7 + Gemini 2.5 Pro [20250612_trae],trae,claude-4-sonnet-20250522; claude-4-opus-20250522; claude-3-7-sonnet-20250219; gemini-2.5-pro-preview-06-05,anthropic/claude-3.7-sonnet+anthropic/claude-opus-4+anthropic/claude-sonnet-4+google/gemini-2.5-pro,closed,False,at least one tagged model is closed/API-only,unknown,none,base=unknown; teacher=none; lineage uncertain | base=unknown; teacher=none; lineage uncertain | base=unknown; teacher=none; lineage uncertain | base=unknown; teacher=none; lineage uncertain,500,0.752
repo_bugfix_system_verified,swe_verified,20250928_trae_doubao_seed_code,TRAE + Doubao-Seed-Code [20250928_trae_doubao_seed_code],trae,Doubao-Seed-Code; Doubao-Seed-1.6,doubao-seed-1-6+doubao-seed-code,closed,False,at least one tagged model is closed/API-only,unknown,none,base=unknown; teacher=none; lineage uncertain | base=unknown; teacher=none; lineage uncertain,500,0.788
repo_bugfix_system_verified,swe_verified,20250519_trae,TRAE [20250519_trae],trae,,system/trae,unknown,False,no explicit model tag; system excluded from OSS universe,unknown,none,base=unknown; teacher=none; missing explicit model tag,500,0.706
repo_bugfix_system_verified,swe_verified,20250224_tools_claude-3-7-sonnet,Tools + Claude 3.7 Sonnet (2025-02-24) [20250224_tools_claude-3-7-sonnet],tools,,system/tools,unknown,False,no explicit model tag; system excluded from OSS universe,unknown,none,base=unknown; teacher=none; missing explicit model tag,500,0.632
repo_bugfix_system_verified,swe_verified,20250522_tools_claude-4-opus,Tools + Claude 4 Opus (2025-05-22) [20250522_tools_claude-4-opus],tools,claude-4-opus-20250514,anthropic/claude-opus-4,closed,False,at least one tagged model is closed/API-only,unknown,none,base=unknown; teacher=none; lineage uncertain,500,0.732
repo_bugfix_system_verified,swe_verified,20250522_tools_claude-4-sonnet,Tools + Claude 4 Sonnet (2025-05-22) [20250522_tools_claude-4-sonnet],tools,claude-4-sonnet-20250514,anthropic/claude-sonnet-4,closed,False,at least one tagged model is closed/API-only,unknown,none,base=unknown; teacher=none; lineage uncertain,500,0.724
repo_bugfix_system_verified,swe_verified,20250117_wandb_programmer_o1_crosscheck5,W&B Programmer O1 crosscheck5 [20250117_wandb_programmer_o1_crosscheck5],w,o1-preview,o1-preview,closed,False,at least one tagged model is closed/API-only,unknown,none,base=unknown; teacher=none; lineage uncertain,500,0.646
repo_bugfix_system_verified,swe_verified,20250623_warp,Warp [20250623_warp],warp,claude-sonnet-4-20250514; claude-3-7-sonnet-20250219; gemini-2.5-pro; gpt-4.1-2025-04-14,anthropic/claude-3.7-sonnet+anthropic/claude-sonnet-4+google/gemini-2.5-pro+openai/gpt-4.1,closed,False,at least one tagged model is closed/API-only,unknown,none,base=unknown; teacher=none; lineage uncertain | base=unknown; teacher=none; lineage uncertain | base=unknown; teacher=none; lineage uncertain | base=unknown; teacher=none; lineage uncertain,500,0.71
repo_bugfix_system_verified,swe_verified,20250901_warp,Warp [20250901_warp],warp,gpt-5; claude-sonnet-4-20250514,anthropic/claude-sonnet-4+openai/gpt-5,closed,False,at least one tagged model is closed/API-only,unknown,none,base=unknown; teacher=none; lineage uncertain | base=unknown; teacher=none; lineage uncertain,500,0.756
repo_bugfix_system_verified,swe_verified,20250430_zencoder_ai,Zencoder (2025-04-30) [20250430_zencoder_ai],zencoder,claude-3-7-sonnet-20250219; o4-mini,anthropic/claude-3.7-sonnet+openai/o4-mini,closed,False,at least one tagged model is closed/API-only,unknown,none,base=unknown; teacher=none; lineage uncertain | base=unknown; teacher=none; lineage uncertain,500,0.7
repo_bugfix_system_verified,swe_verified,20250519_devlo,devlo [20250519_devlo],devlo,claude-3-7-sonnet-20250219; o3; gemini-2.5-pro,anthropic/claude-3.7-sonnet+google/gemini-2.5-pro+o3,closed,False,at least one tagged model is closed/API-only,unknown,none,base=unknown; teacher=none; lineage uncertain | base=unknown; teacher=none; lineage uncertain | base=unknown; teacher=none; lineage uncertain,500,0.702
repo_bugfix_system_verified,swe_verified,20251215_livesweagent_claude-opus-4-5,live-SWE-agent + Claude 4.5 Opus medium (20251101) [20251215_livesweagent_claude-opus-4-5],swe-agent,claude-opus-4-5-20251101,anthropic/claude-opus-4,closed,False,at least one tagged model is closed/API-only,unknown,none,base=unknown; teacher=none; lineage uncertain,500,0.792
repo_bugfix_system_verified,swe_verified,20251120_livesweagent_gemini-3-pro-preview,live-SWE-agent + Gemini 3 Pro Preview (2025-11-18) [20251120_livesweagent_gemini-3-pro-preview],swe-agent,gemini-3-pro-preview,google/gemini-3,closed,False,at least one tagged model is closed/API-only,unknown,none,base=unknown; teacher=none; lineage uncertain,500,0.774
repo_bugfix_system_verified,swe_verified,20250112_ugaiforge,ugaiforge [20250112_ugaiforge],ugaiforge,,system/ugaiforge,unknown,False,no explicit model tag; system excluded from OSS universe,unknown,none,base=unknown; teacher=none; missing explicit model tag,500,0.416
repo_bugfix_system_test,swe_test,20250131_amazon-q-developer-agent-20241202-dev,Amazon Q Developer Agent (v20241202-dev) [20250131_amazon-q-developer-agent-20241202-dev],amazon-q,,system/amazon-q,unknown,False,no explicit model tag; system excluded from OSS universe,unknown,none,base=unknown; teacher=none; missing explicit model tag,2294,0.299913
repo_bugfix_system_test,swe_test,20250522_amazon-q-developer-agent-20250405-dev,Amazon Q Developer Agent (v20250405-dev) [20250522_amazon-q-developer-agent-20250405-dev],amazon-q,,system/amazon-q,unknown,False,no explicit model tag; system excluded from OSS universe,unknown,none,base=unknown; teacher=none; missing explicit model tag,2294,0.370968
repo_bugfix_system_test,swe_test,20250605_atlassian-rovo-dev,Atlassian Rovo Dev (2025-06-05) [20250605_atlassian-rovo-dev],atlassian,,system/atlassian,unknown,False,no explicit model tag; system excluded from OSS universe,unknown,none,base=unknown; teacher=none; missing explicit model tag,2294,0.419791
repo_bugfix_system_test,swe_test,20250227_sweagent-claude-3-7-20250219,SWE-agent 1.0 (Claude 3.7 Sonnet) [20250227_sweagent-claude-3-7-20250219],swe-agent,claude-3-7-sonnet-20250219,anthropic/claude-3.7-sonnet,closed,False,at least one tagged model is closed/API-only,unknown,none,base=unknown; teacher=none; lineage uncertain,2294,0.338274
repo_bugfix_system_test,swe_test,20251027_salesforce_SAGE,Salesforce AI Research SAGE (bash-only) [20251027_salesforce_SAGE],salesforce-sage,claude-sonnet-4.5; gpt-5,anthropic/claude-sonnet-4+openai/gpt-5,closed,False,at least one tagged model is closed/API-only,unknown,none,base=unknown; teacher=none; lineage uncertain | base=unknown; teacher=none; lineage uncertain,2294,0.442459
repo_bugfix_system_test,swe_test,20251219_sonar-foundation-agent_claude-opus-4-5,Sonar Foundation Agent + Claude 4.5 Opus [20251219_sonar-foundation-agent_claude-opus-4-5],sonar-foundation-agent,claude-opus-4-5,anthropic/claude-opus-4,closed,False,at least one tagged model is closed/API-only,unknown,none,base=unknown; teacher=none; lineage uncertain,2294,0.526155
terminal_agentic,terminalbench,Factory Droid :: claude-opus-4-5-20251101@anthropic,Factory Droid :: claude-opus-4-5-20251101@anthropic,Factory Droid,claude-opus-4-5-20251101@anthropic,anthropic/claude-opus-4,closed,False,at least one tagged model is closed/API-only,unknown,none,base=unknown; teacher=none; lineage uncertain,89,0.631461
terminal_agentic,terminalbench,Factory Droid :: claude-opus-4-6@anthropic,Factory Droid :: claude-opus-4-6@anthropic,Factory Droid,claude-opus-4-6@anthropic,anthropic/claude-opus-4,closed,False,at least one tagged model is closed/API-only,unknown,none,base=unknown; teacher=none; lineage uncertain,89,0.698876
terminal_agentic,terminalbench,Factory Droid :: gemini-3-pro-preview@google,Factory Droid :: gemini-3-pro-preview@google,Factory Droid,gemini-3-pro-preview@google,google/gemini-3,closed,False,at least one tagged model is closed/API-only,unknown,none,base=unknown; teacher=none; lineage uncertain,89,0.611236
terminal_agentic,terminalbench,Factory Droid :: gpt-5.2@openai,Factory Droid :: gpt-5.2@openai,Factory Droid,gpt-5.2@openai,openai/gpt-5,closed,False,at least one tagged model is closed/API-only,unknown,none,base=unknown; teacher=none; lineage uncertain,89,0.649438
terminal_agentic,terminalbench,Factory Droid :: gpt-5.3-codex@openai,Factory Droid :: gpt-5.3-codex@openai,Factory Droid,gpt-5.3-codex@openai,openai/gpt-5,closed,False,at least one tagged model is closed/API-only,unknown,none,base=unknown; teacher=none; lineage uncertain,89,0.773034
terminal_agentic,terminalbench,Junie :: gemini-3-flash-preview@gemini,Junie :: gemini-3-flash-preview@gemini,Junie,gemini-3-flash-preview@gemini,google/gemini-3,closed,False,at least one tagged model is closed/API-only,unknown,none,base=unknown; teacher=none; lineage uncertain,89,0.642697
terminal_agentic,terminalbench,TerminalBenchAgent :: claude-sonnet-4-5@anthropic,TerminalBenchAgent :: claude-sonnet-4-5@anthropic,TerminalBenchAgent,claude-sonnet-4-5@anthropic,anthropic/claude-sonnet-4,closed,False,at least one tagged model is closed/API-only,unknown,none,base=unknown; teacher=none; lineage uncertain,89,0.465169
terminal_agentic,terminalbench,ante :: gemini-3-pro-preview@Google,ante :: gemini-3-pro-preview@Google,ante,gemini-3-pro-preview@Google,google/gemini-3,closed,False,at least one tagged model is closed/API-only,unknown,none,base=unknown; teacher=none; lineage uncertain,89,0.647191
terminal_agentic,terminalbench,aone-agent :: Qwen/Qwen3-Coder-480B-A35B-Instruct-FP8@modelscope,aone-agent :: Qwen/Qwen3-Coder-480B-A35B-Instruct-FP8@modelscope,aone-agent,Qwen/Qwen3-Coder-480B-A35B-Instruct-FP8@modelscope,qwen/qwen3-coder,oss,True,all tagged models are OSS/open-weights,Qwen3-Coder,none,base=Qwen3-Coder; teacher=none; Qwen3-Coder open-weights family,89,0.27191
terminal_agentic,terminalbench,claude-code :: GLM-4.7@z-ai,claude-code :: GLM-4.7@z-ai,claude-code,GLM-4.7@z-ai,zai/glm-4.7,oss,True,all tagged models are OSS/open-weights,unknown,none,base=unknown; teacher=none; lineage uncertain,89,0.332584
terminal_agentic,terminalbench,claude-code :: claude-haiku-4-5-20251001@anthropic,claude-code :: claude-haiku-4-5-20251001@anthropic,claude-code,claude-haiku-4-5-20251001@anthropic,anthropic/claude-haiku-4,closed,False,at least one tagged model is closed/API-only,unknown,none,base=unknown; teacher=none; lineage uncertain,89,0.275281
terminal_agentic,terminalbench,claude-code :: claude-opus-4-1-20250805@anthropic,claude-code :: claude-opus-4-1-20250805@anthropic,claude-code,claude-opus-4-1-20250805@anthropic,anthropic/claude-opus-4,closed,False,at least one tagged model is closed/API-only,unknown,none,base=unknown; teacher=none; lineage uncertain,89,0.348315
terminal_agentic,terminalbench,claude-code :: claude-opus-4-5-20251101@anthropic,claude-code :: claude-opus-4-5-20251101@anthropic,claude-code,claude-opus-4-5-20251101@anthropic,anthropic/claude-opus-4,closed,False,at least one tagged model is closed/API-only,unknown,none,base=unknown; teacher=none; lineage uncertain,89,0.521348
terminal_agentic,terminalbench,claude-code :: claude-opus-4-6@anthropic,claude-code :: claude-opus-4-6@anthropic,claude-code,claude-opus-4-6@anthropic,anthropic/claude-opus-4,closed,False,at least one tagged model is closed/API-only,unknown,none,base=unknown; teacher=none; lineage uncertain,89,0.579775
terminal_agentic,terminalbench,claude-code :: claude-sonnet-4-5-20250929@anthropic,claude-code :: claude-sonnet-4-5-20250929@anthropic,claude-code,claude-sonnet-4-5-20250929@anthropic,anthropic/claude-sonnet-4,closed,False,at least one tagged model is closed/API-only,unknown,none,base=unknown; teacher=none; lineage uncertain,89,0.400562
terminal_agentic,terminalbench,claude-code :: minimax-m2.1@minimax,claude-code :: minimax-m2.1@minimax,claude-code,minimax-m2.1@minimax,minimax/minimax-m2,oss,True,all tagged models are OSS/open-weights,MiniMax M2,none,base=MiniMax M2; teacher=none; MiniMax M2 open-weights family,89,0.366292
terminal_agentic,terminalbench,claude-code-enhanced :: claude-opus-4-6@anthropic,claude-code-enhanced :: claude-opus-4-6@anthropic,claude-code-enhanced,claude-opus-4-6@anthropic,anthropic/claude-opus-4,closed,False,at least one tagged model is closed/API-only,unknown,none,base=unknown; teacher=none; lineage uncertain,89,0.668727
terminal_agentic,terminalbench,codex :: gpt-5-codex@openai,codex :: gpt-5-codex@openai,codex,gpt-5-codex@openai,openai/gpt-5,closed,False,at least one tagged model is closed/API-only,unknown,none,base=unknown; teacher=none; lineage uncertain,89,0.443258
terminal_agentic,terminalbench,codex :: gpt-5-mini@openai,codex :: gpt-5-mini@openai,codex,gpt-5-mini@openai,openai/gpt-5,closed,False,at least one tagged model is closed/API-only,unknown,none,base=unknown; teacher=none; lineage uncertain,89,0.318539
terminal_agentic,terminalbench,codex :: gpt-5-nano@openai,codex :: gpt-5-nano@openai,codex,gpt-5-nano@openai,openai/gpt-5,closed,False,at least one tagged model is closed/API-only,unknown,none,base=unknown; teacher=none; lineage uncertain,89,0.114607
terminal_agentic,terminalbench,codex :: gpt-5.1-codex-max@openai,codex :: gpt-5.1-codex-max@openai,codex,gpt-5.1-codex-max@openai,openai/gpt-5,closed,False,at least one tagged model is closed/API-only,unknown,none,base=unknown; teacher=none; lineage uncertain,89,0.604494
terminal_agentic,terminalbench,codex :: gpt-5.1-codex-mini@openai,codex :: gpt-5.1-codex-mini@openai,codex,gpt-5.1-codex-mini@openai,openai/gpt-5,closed,False,at least one tagged model is closed/API-only,unknown,none,base=unknown; teacher=none; lineage uncertain,89,0.431461
terminal_agentic,terminalbench,codex :: gpt-5.1-codex@openai,codex :: gpt-5.1-codex@openai,codex,gpt-5.1-codex@openai,openai/gpt-5,closed,False,at least one tagged model is closed/API-only,unknown,none,base=unknown; teacher=none; lineage uncertain,89,0.577528
terminal_agentic,terminalbench,codex :: gpt-5.2@openai,codex :: gpt-5.2@openai,codex,gpt-5.2@openai,openai/gpt-5,closed,False,at least one tagged model is closed/API-only,unknown,none,base=unknown; teacher=none; lineage uncertain,89,0.629213
terminal_agentic,terminalbench,codex :: gpt-5@openai,codex :: gpt-5@openai,codex,gpt-5@openai,openai/gpt-5,closed,False,at least one tagged model is closed/API-only,unknown,none,base=unknown; teacher=none; lineage uncertain,89,0.496067
terminal_agentic,terminalbench,deepagent-harbor :: gpt-5.2-codex@openai,deepagent-harbor :: gpt-5.2-codex@openai,deepagent-harbor,gpt-5.2-codex@openai,openai/gpt-5,closed,False,at least one tagged model is closed/API-only,unknown,none,base=unknown; teacher=none; lineage uncertain,89,0.665169
terminal_agentic,terminalbench,final :: claude-4.5-sonnet@anthropic,final :: claude-4.5-sonnet@anthropic,final,claude-4.5-sonnet@anthropic,anthropic/claude-sonnet-4,closed,False,at least one tagged model is closed/API-only,unknown,none,base=unknown; teacher=none; lineage uncertain,89,0.426966
terminal_agentic,terminalbench,forge :: gemini-3.1-pro-preview@Google,forge :: gemini-3.1-pro-preview@Google,forge,gemini-3.1-pro-preview@Google,google/gemini-3,closed,False,at least one tagged model is closed/API-only,unknown,none,base=unknown; teacher=none; lineage uncertain,89,0.78427
terminal_agentic,terminalbench,gemini-cli :: gemini-2.5-flash@gemini,gemini-cli :: gemini-2.5-flash@gemini,gemini-cli,gemini-2.5-flash@gemini,google/gemini-2.5-flash,closed,False,at least one tagged model is closed/API-only,unknown,none,base=unknown; teacher=none; lineage uncertain,89,0.154494
terminal_agentic,terminalbench,gemini-cli :: gemini-2.5-pro@gemini,gemini-cli :: gemini-2.5-pro@gemini,gemini-cli,gemini-2.5-pro@gemini,google/gemini-2.5-pro,closed,False,at least one tagged model is closed/API-only,unknown,none,base=unknown; teacher=none; lineage uncertain,89,0.195506
terminal_agentic,terminalbench,gemini-cli :: gemini-3-flash-preview@Google,gemini-cli :: gemini-3-flash-preview@Google,gemini-cli,gemini-3-flash-preview@Google,google/gemini-3,closed,False,at least one tagged model is closed/API-only,unknown,none,base=unknown; teacher=none; lineage uncertain,89,0.474157
terminal_agentic,terminalbench,gemini-cli :: gemini-3-flash-preview@google,gemini-cli :: gemini-3-flash-preview@google,gemini-cli,gemini-3-flash-preview@google,google/gemini-3,closed,False,at least one tagged model is closed/API-only,unknown,none,base=unknown; teacher=none; lineage uncertain,89,0.510112
terminal_agentic,terminalbench,goose :: claude-haiku-4-5@anthropic,goose :: claude-haiku-4-5@anthropic,goose,claude-haiku-4-5@anthropic,anthropic/claude-haiku-4,closed,False,at least one tagged model is closed/API-only,unknown,none,base=unknown; teacher=none; lineage uncertain,89,0.355056
terminal_agentic,terminalbench,goose :: claude-opus-4-5@anthropic,goose :: claude-opus-4-5@anthropic,goose,claude-opus-4-5@anthropic,anthropic/claude-opus-4,closed,False,at least one tagged model is closed/API-only,unknown,none,base=unknown; teacher=none; lineage uncertain,89,0.543258
terminal_agentic,terminalbench,goose :: claude-sonnet-4-5@anthropic,goose :: claude-sonnet-4-5@anthropic,goose,claude-sonnet-4-5@anthropic,anthropic/claude-sonnet-4,closed,False,at least one tagged model is closed/API-only,unknown,none,base=unknown; teacher=none; lineage uncertain,89,0.431461
terminal_agentic,terminalbench,ii-agent-simple :: gemini-3-pro-preview@gemini,ii-agent-simple :: gemini-3-pro-preview@gemini,ii-agent-simple,gemini-3-pro-preview@gemini,google/gemini-3,closed,False,at least one tagged model is closed/API-only,unknown,none,base=unknown; teacher=none; lineage uncertain,89,0.617978
terminal_agentic,terminalbench,judy :: claude-opus-4.6@anthropic,judy :: claude-opus-4.6@anthropic,judy,claude-opus-4.6@anthropic,anthropic/claude-opus-4,closed,False,at least one tagged model is closed/API-only,unknown,none,base=unknown; teacher=none; lineage uncertain,89,0.719101
terminal_agentic,terminalbench,letta-code :: claude-opus-4-5@anthropic,letta-code :: claude-opus-4-5@anthropic,letta-code,claude-opus-4-5@anthropic,anthropic/claude-opus-4,closed,False,at least one tagged model is closed/API-only,unknown,none,base=unknown; teacher=none; lineage uncertain,89,0.591011
terminal_agentic,terminalbench,letta-code :: gemini-3-pro-preview@google,letta-code :: gemini-3-pro-preview@google,letta-code,gemini-3-pro-preview@google,google/gemini-3,closed,False,at least one tagged model is closed/API-only,unknown,none,base=unknown; teacher=none; lineage uncertain,89,0.559551
terminal_agentic,terminalbench,letta-code :: gpt-5.1-codex@openai,letta-code :: gpt-5.1-codex@openai,letta-code,gpt-5.1-codex@openai,openai/gpt-5,closed,False,at least one tagged model is closed/API-only,unknown,none,base=unknown; teacher=none; lineage uncertain,89,0.534831
terminal_agentic,terminalbench,mini-swe-agent :: claude-haiku-4-5-20251001@anthropic,mini-swe-agent :: claude-haiku-4-5-20251001@anthropic,mini-swe-agent,claude-haiku-4-5-20251001@anthropic,anthropic/claude-haiku-4,closed,False,at least one tagged model is closed/API-only,unknown,none,base=unknown; teacher=none; lineage uncertain,89,0.298315
terminal_agentic,terminalbench,mini-swe-agent :: claude-opus-4-1-20250805@anthropic,mini-swe-agent :: claude-opus-4-1-20250805@anthropic,mini-swe-agent,claude-opus-4-1-20250805@anthropic,anthropic/claude-opus-4,closed,False,at least one tagged model is closed/API-only,unknown,none,base=unknown; teacher=none; lineage uncertain,89,0.350562
terminal_agentic,terminalbench,mini-swe-agent :: claude-sonnet-4-5-20250929@anthropic,mini-swe-agent :: claude-sonnet-4-5-20250929@anthropic,mini-swe-agent,claude-sonnet-4-5-20250929@anthropic,anthropic/claude-sonnet-4,closed,False,at least one tagged model is closed/API-only,unknown,none,base=unknown; teacher=none; lineage uncertain,89,0.425281
terminal_agentic,terminalbench,mini-swe-agent :: gemini-2.5-flash@gemini,mini-swe-agent :: gemini-2.5-flash@gemini,mini-swe-agent,gemini-2.5-flash@gemini,google/gemini-2.5-flash,closed,False,at least one tagged model is closed/API-only,unknown,none,base=unknown; teacher=none; lineage uncertain,89,0.170787
terminal_agentic,terminalbench,mini-swe-agent :: gemini-2.5-pro@gemini,mini-swe-agent :: gemini-2.5-pro@gemini,mini-swe-agent,gemini-2.5-pro@gemini,google/gemini-2.5-pro,closed,False,at least one tagged model is closed/API-only,unknown,none,base=unknown; teacher=none; lineage uncertain,89,0.260674
terminal_agentic,terminalbench,mini-swe-agent :: gpt-5-codex@openai,mini-swe-agent :: gpt-5-codex@openai,mini-swe-agent,gpt-5-codex@openai,openai/gpt-5,closed,False,at least one tagged model is closed/API-only,unknown,none,base=unknown; teacher=none; lineage uncertain,89,0.413483
terminal_agentic,terminalbench,mini-swe-agent :: gpt-5-mini@openai,mini-swe-agent :: gpt-5-mini@openai,mini-swe-agent,gpt-5-mini@openai,openai/gpt-5,closed,False,at least one tagged model is closed/API-only,unknown,none,base=unknown; teacher=none; lineage uncertain,89,0.222472
terminal_agentic,terminalbench,mini-swe-agent :: gpt-5-nano@openai,mini-swe-agent :: gpt-5-nano@openai,mini-swe-agent,gpt-5-nano@openai,openai/gpt-5,closed,False,at least one tagged model is closed/API-only,unknown,none,base=unknown; teacher=none; lineage uncertain,89,0.069663
terminal_agentic,terminalbench,mini-swe-agent :: gpt-5@openai,mini-swe-agent :: gpt-5@openai,mini-swe-agent,gpt-5@openai,openai/gpt-5,closed,False,at least one tagged model is closed/API-only,unknown,none,base=unknown; teacher=none; lineage uncertain,89,0.339326
terminal_agentic,terminalbench,mini-swe-agent :: grok-4-0709@xai,mini-swe-agent :: grok-4-0709@xai,mini-swe-agent,grok-4-0709@xai,xai/grok-4,closed,False,at least one tagged model is closed/API-only,unknown,none,base=unknown; teacher=none; lineage uncertain,89,0.253933
terminal_agentic,terminalbench,mini-swe-agent :: grok-code-fast-1@xai,mini-swe-agent :: grok-code-fast-1@xai,mini-swe-agent,grok-code-fast-1@xai,xai/grok-code-fast,closed,False,at least one tagged model is closed/API-only,unknown,none,base=unknown; teacher=none; lineage uncertain,89,0.258427
terminal_agentic,terminalbench,mini-swe-agent :: openai/gpt-oss-120b@together_ai,mini-swe-agent :: openai/gpt-oss-120b@together_ai,mini-swe-agent,openai/gpt-oss-120b@together_ai,openai/gpt-oss-120b,oss,True,all tagged models are OSS/open-weights,gpt-oss-120b,OpenAI distillation/alignment (uncertain),base=gpt-oss-120b; teacher=OpenAI distillation/alignment (uncertain); OpenAI gpt-oss open-weights family,89,0.142072
terminal_agentic,terminalbench,mini-swe-agent :: openai/gpt-oss-20b@together_ai,mini-swe-agent :: openai/gpt-oss-20b@together_ai,mini-swe-agent,openai/gpt-oss-20b@together_ai,openai/gpt-oss-20b,oss,True,all tagged models are OSS/open-weights,gpt-oss-20b,OpenAI distillation/alignment (uncertain),base=gpt-oss-20b; teacher=OpenAI distillation/alignment (uncertain); OpenAI gpt-oss open-weights family,89,0.033708
terminal_agentic,terminalbench,mux :: claude-opus-4-5@anthropic,mux :: claude-opus-4-5@anthropic,mux,claude-opus-4-5@anthropic,anthropic/claude-opus-4,closed,False,at least one tagged model is closed/API-only,unknown,none,base=unknown; teacher=none; lineage uncertain,89,0.58427
terminal_agentic,terminalbench,mux :: claude-opus-4-6@anthropic,mux :: claude-opus-4-6@anthropic,mux,claude-opus-4-6@anthropic,anthropic/claude-opus-4,closed,False,at least one tagged model is closed/API-only,unknown,none,base=unknown; teacher=none; lineage uncertain,89,0.665169
terminal_agentic,terminalbench,mux :: gpt-5.2@openai,mux :: gpt-5.2@openai,mux,gpt-5.2@openai,openai/gpt-5,closed,False,at least one tagged model is closed/API-only,unknown,none,base=unknown; teacher=none; lineage uncertain,89,0.606742
terminal_agentic,terminalbench,mux :: gpt-5.3-codex@openai,mux :: gpt-5.3-codex@openai,mux,gpt-5.3-codex@openai,openai/gpt-5,closed,False,at least one tagged model is closed/API-only,unknown,none,base=unknown; teacher=none; lineage uncertain,89,0.685393
terminal_agentic,terminalbench,opencode :: claude-opus-4-5@anthropic,opencode :: claude-opus-4-5@anthropic,opencode,claude-opus-4-5@anthropic,anthropic/claude-opus-4,closed,False,at least one tagged model is closed/API-only,unknown,none,base=unknown; teacher=none; lineage uncertain,89,0.516854
terminal_agentic,terminalbench,openhands :: Qwen/Qwen3-Coder-480B-A35B-Instruct-FP8@together_ai,openhands :: Qwen/Qwen3-Coder-480B-A35B-Instruct-FP8@together_ai,openhands,Qwen/Qwen3-Coder-480B-A35B-Instruct-FP8@together_ai,qwen/qwen3-coder,oss,True,all tagged models are OSS/open-weights,Qwen3-Coder,none,base=Qwen3-Coder; teacher=none; Qwen3-Coder open-weights family,89,0.255431
terminal_agentic,terminalbench,openhands :: claude-haiku-4-5-20251001@anthropic,openhands :: claude-haiku-4-5-20251001@anthropic,openhands,claude-haiku-4-5-20251001@anthropic,anthropic/claude-haiku-4,closed,False,at least one tagged model is closed/API-only,unknown,none,base=unknown; teacher=none; lineage uncertain,89,0.139326
terminal_agentic,terminalbench,openhands :: claude-opus-4-1-20250805@anthropic,openhands :: claude-opus-4-1-20250805@anthropic,openhands,claude-opus-4-1-20250805@anthropic,anthropic/claude-opus-4,closed,False,at least one tagged model is closed/API-only,unknown,none,base=unknown; teacher=none; lineage uncertain,89,0.368539
terminal_agentic,terminalbench,openhands :: claude-opus-4-5-20251101@anthropic,openhands :: claude-opus-4-5-20251101@anthropic,openhands,claude-opus-4-5-20251101@anthropic,anthropic/claude-opus-4,closed,False,at least one tagged model is closed/API-only,unknown,none,base=unknown; teacher=none; lineage uncertain,89,0.519101
terminal_agentic,terminalbench,openhands :: claude-sonnet-4-5-20250929@anthropic,openhands :: claude-sonnet-4-5-20250929@anthropic,openhands,claude-sonnet-4-5-20250929@anthropic,anthropic/claude-sonnet-4,closed,False,at least one tagged model is closed/API-only,unknown,none,base=unknown; teacher=none; lineage uncertain,89,0.425843
terminal_agentic,terminalbench,openhands :: gemini-2.5-flash@gemini,openhands :: gemini-2.5-flash@gemini,openhands,gemini-2.5-flash@gemini,google/gemini-2.5-flash,closed,False,at least one tagged model is closed/API-only,unknown,none,base=unknown; teacher=none; lineage uncertain,89,0.164045
terminal_agentic,terminalbench,openhands :: gemini-2.5-pro@gemini,openhands :: gemini-2.5-pro@gemini,openhands,gemini-2.5-pro@gemini,google/gemini-2.5-pro,closed,False,at least one tagged model is closed/API-only,unknown,none,base=unknown; teacher=none; lineage uncertain,89,0.164045
terminal_agentic,terminalbench,openhands :: gpt-5-mini@openai,openhands :: gpt-5-mini@openai,openhands,gpt-5-mini@openai,openai/gpt-5,closed,False,at least one tagged model is closed/API-only,unknown,none,base=unknown; teacher=none; lineage uncertain,89,0.292135
terminal_agentic,terminalbench,openhands :: gpt-5-nano@openai,openhands :: gpt-5-nano@openai,openhands,gpt-5-nano@openai,openai/gpt-5,closed,False,at least one tagged model is closed/API-only,unknown,none,base=unknown; teacher=none; lineage uncertain,89,0.098876
terminal_agentic,terminalbench,openhands :: gpt-5@openai,openhands :: gpt-5@openai,openhands,gpt-5@openai,openai/gpt-5,closed,False,at least one tagged model is closed/API-only,unknown,none,base=unknown; teacher=none; lineage uncertain,89,0.438202
terminal_agentic,terminalbench,openhands :: grok-4-0709@xai,openhands :: grok-4-0709@xai,openhands,grok-4-0709@xai,xai/grok-4,closed,False,at least one tagged model is closed/API-only,unknown,none,base=unknown; teacher=none; lineage uncertain,89,0.27191
terminal_agentic,terminalbench,openhands :: moonshotai/Kimi-K2-Instruct-0905@together_ai,openhands :: moonshotai/Kimi-K2-Instruct-0905@together_ai,openhands,moonshotai/Kimi-K2-Instruct-0905@together_ai,moonshot/kimi-k2,oss,True,all tagged models are OSS/open-weights,Kimi K2,none,base=Kimi K2; teacher=none; Moonshot Kimi K2 open-weights MoE,89,0.270911
terminal_agentic,terminalbench,ruley :: gemini-3-pro-preview@Google,ruley :: gemini-3-pro-preview@Google,ruley,gemini-3-pro-preview@Google,google/gemini-3,closed,False,at least one tagged model is closed/API-only,unknown,none,base=unknown; teacher=none; lineage uncertain,89,0.622472
terminal_agentic,terminalbench,ruley :: gpt-5.3-codex@OpenAI,ruley :: gpt-5.3-codex@OpenAI,ruley,gpt-5.3-codex@OpenAI,openai/gpt-5,closed,False,at least one tagged model is closed/API-only,unknown,none,base=unknown; teacher=none; lineage uncertain,89,0.703371
terminal_agentic,terminalbench,sage :: gemini-3-pro-preview@Google,sage :: gemini-3-pro-preview@Google,sage,gemini-3-pro-preview@Google,google/gemini-3,closed,False,at least one tagged model is closed/API-only,unknown,none,base=unknown; teacher=none; lineage uncertain,89,0.651685
terminal_agentic,terminalbench,simple_codex :: gpt-5.3-codex@openai,simple_codex :: gpt-5.3-codex@openai,simple_codex,gpt-5.3-codex@openai,openai/gpt-5,closed,False,at least one tagged model is closed/API-only,unknown,none,base=unknown; teacher=none; lineage uncertain,89,0.750562
terminal_agentic,terminalbench,spoox-m :: gpt-5-mini@openai,spoox-m :: gpt-5-mini@openai,spoox-m,gpt-5-mini@openai,openai/gpt-5,closed,False,at least one tagged model is closed/API-only,unknown,none,base=unknown; teacher=none; lineage uncertain,89,0.348315
terminal_agentic,terminalbench,terminus-2 :: Qwen/Qwen3-Coder-480B-A35B-Instruct-FP8@together_ai,terminus-2 :: Qwen/Qwen3-Coder-480B-A35B-Instruct-FP8@together_ai,terminus-2,Qwen/Qwen3-Coder-480B-A35B-Instruct-FP8@together_ai,qwen/qwen3-coder,oss,True,all tagged models are OSS/open-weights,Qwen3-Coder,none,base=Qwen3-Coder; teacher=none; Qwen3-Coder open-weights family,89,0.238951
terminal_agentic,terminalbench,terminus-2 :: accounts/fireworks/models/glm-4p6@fireworks_ai,terminus-2 :: accounts/fireworks/models/glm-4p6@fireworks_ai,terminus-2,accounts/fireworks/models/glm-4p6@fireworks_ai,accounts-fireworks-models-glm-4p6-fireworks-ai,oss,True,all tagged models are OSS/open-weights,unknown,none,base=unknown; teacher=none; lineage uncertain,89,0.245318
terminal_agentic,terminalbench,terminus-2 :: accounts/fireworks/models/minimax-m2@fireworks_ai,terminus-2 :: accounts/fireworks/models/minimax-m2@fireworks_ai,terminus-2,accounts/fireworks/models/minimax-m2@fireworks_ai,minimax/minimax-m2,oss,True,all tagged models are OSS/open-weights,MiniMax M2,none,base=MiniMax M2; teacher=none; MiniMax M2 open-weights family,89,0.300375
terminal_agentic,terminalbench,terminus-2 :: claude-haiku-4-5-20251001@anthropic,terminus-2 :: claude-haiku-4-5-20251001@anthropic,terminus-2,claude-haiku-4-5-20251001@anthropic,anthropic/claude-haiku-4,closed,False,at least one tagged model is closed/API-only,unknown,none,base=unknown; teacher=none; lineage uncertain,89,0.283146
terminal_agentic,terminalbench,terminus-2 :: claude-opus-4-1-20250805@anthropic,terminus-2 :: claude-opus-4-1-20250805@anthropic,terminus-2,claude-opus-4-1-20250805@anthropic,anthropic/claude-opus-4,closed,False,at least one tagged model is closed/API-only,unknown,none,base=unknown; teacher=none; lineage uncertain,89,0.379775
terminal_agentic,terminalbench,terminus-2 :: claude-opus-4-5-20251101@anthropic,terminus-2 :: claude-opus-4-5-20251101@anthropic,terminus-2,claude-opus-4-5-20251101@anthropic,anthropic/claude-opus-4,closed,False,at least one tagged model is closed/API-only,unknown,none,base=unknown; teacher=none; lineage uncertain,89,0.577528
terminal_agentic,terminalbench,terminus-2 :: claude-opus-4-6@anthropic,terminus-2 :: claude-opus-4-6@anthropic,terminus-2,claude-opus-4-6@anthropic,anthropic/claude-opus-4,closed,False,at least one tagged model is closed/API-only,unknown,none,base=unknown; teacher=none; lineage uncertain,89,0.629213
terminal_agentic,terminalbench,terminus-2 :: claude-sonnet-4-5-20250929@anthropic,terminus-2 :: claude-sonnet-4-5-20250929@anthropic,terminus-2,claude-sonnet-4-5-20250929@anthropic,anthropic/claude-sonnet-4,closed,False,at least one tagged model is closed/API-only,unknown,none,base=unknown; teacher=none; lineage uncertain,89,0.42809
terminal_agentic,terminalbench,terminus-2 :: deepseek-v3.2@deepseek,terminus-2 :: deepseek-v3.2@deepseek,terminus-2,deepseek-v3.2@deepseek,deepseek/deepseek-v3,oss,True,all tagged models are OSS/open-weights,DeepSeek-V3,none,base=DeepSeek-V3; teacher=none; DeepSeek-V3 open-weights family,89,0.395506
terminal_agentic,terminalbench,terminus-2 :: gemini-2.5-flash@gemini,terminus-2 :: gemini-2.5-flash@gemini,terminus-2,gemini-2.5-flash@gemini,google/gemini-2.5-flash,closed,False,at least one tagged model is closed/API-only,unknown,none,base=unknown; teacher=none; lineage uncertain,89,0.168539
terminal_agentic,terminalbench,terminus-2 :: gemini-2.5-pro@gemini,terminus-2 :: gemini-2.5-pro@gemini,terminus-2,gemini-2.5-pro@gemini,google/gemini-2.5-pro,closed,False,at least one tagged model is closed/API-only,unknown,none,base=unknown; teacher=none; lineage uncertain,89,0.326404
terminal_agentic,terminalbench,terminus-2 :: gemini-3-flash-preview@gemini,terminus-2 :: gemini-3-flash-preview@gemini,terminus-2,gemini-3-flash-preview@gemini,google/gemini-3,closed,False,at least one tagged model is closed/API-only,unknown,none,base=unknown; teacher=none; lineage uncertain,89,0.516854
terminal_agentic,terminalbench,terminus-2 :: gemini-3-pro-preview@gemini,terminus-2 :: gemini-3-pro-preview@gemini,terminus-2,gemini-3-pro-preview@gemini,google/gemini-3,closed,False,at least one tagged model is closed/API-only,unknown,none,base=unknown; teacher=none; lineage uncertain,89,0.568539
terminal_agentic,terminalbench,terminus-2 :: glm-4.7@z-ai,terminus-2 :: glm-4.7@z-ai,terminus-2,glm-4.7@z-ai,zai/glm-4.7,oss,True,all tagged models are OSS/open-weights,unknown,none,base=unknown; teacher=none; lineage uncertain,89,0.333895
terminal_agentic,terminalbench,terminus-2 :: glm-5@z-ai,terminus-2 :: glm-5@z-ai,terminus-2,glm-5@z-ai,glm-5-z-ai,oss,True,all tagged models are OSS/open-weights,unknown,none,base=unknown; teacher=none; lineage uncertain,89,0.524157
terminal_agentic,terminalbench,terminus-2 :: gpt-5-codex@openai,terminus-2 :: gpt-5-codex@openai,terminus-2,gpt-5-codex@openai,openai/gpt-5,closed,False,at least one tagged model is closed/API-only,unknown,none,base=unknown; teacher=none; lineage uncertain,89,0.43427
terminal_agentic,terminalbench,terminus-2 :: gpt-5-mini@openai,terminus-2 :: gpt-5-mini@openai,terminus-2,gpt-5-mini@openai,openai/gpt-5,closed,False,at least one tagged model is closed/API-only,unknown,none,base=unknown; teacher=none; lineage uncertain,89,0.240449
terminal_agentic,terminalbench,terminus-2 :: gpt-5-nano@openai,terminus-2 :: gpt-5-nano@openai,terminus-2,gpt-5-nano@openai,openai/gpt-5,closed,False,at least one tagged model is closed/API-only,unknown,none,base=unknown; teacher=none; lineage uncertain,89,0.078652
terminal_agentic,terminalbench,terminus-2 :: gpt-5.1-codex@openai,terminus-2 :: gpt-5.1-codex@openai,terminus-2,gpt-5.1-codex@openai,openai/gpt-5,closed,False,at least one tagged model is closed/API-only,unknown,none,base=unknown; teacher=none; lineage uncertain,89,0.368539
terminal_agentic,terminalbench,terminus-2 :: gpt-5.1@openai,terminus-2 :: gpt-5.1@openai,terminus-2,gpt-5.1@openai,openai/gpt-5,closed,False,at least one tagged model is closed/API-only,unknown,none,base=unknown; teacher=none; lineage uncertain,89,0.475843
terminal_agentic,terminalbench,terminus-2 :: gpt-5.2@openai,terminus-2 :: gpt-5.2@openai,terminus-2,gpt-5.2@openai,openai/gpt-5,closed,False,at least one tagged model is closed/API-only,unknown,none,base=unknown; teacher=none; lineage uncertain,89,0.540449
terminal_agentic,terminalbench,terminus-2 :: gpt-5.3-codex@openai,terminus-2 :: gpt-5.3-codex@openai,terminus-2,gpt-5.3-codex@openai,openai/gpt-5,closed,False,at least one tagged model is closed/API-only,unknown,none,base=unknown; teacher=none; lineage uncertain,89,0.647191
terminal_agentic,terminalbench,terminus-2 :: gpt-5@openai,terminus-2 :: gpt-5@openai,terminus-2,gpt-5@openai,openai/gpt-5,closed,False,at least one tagged model is closed/API-only,unknown,none,base=unknown; teacher=none; lineage uncertain,89,0.351685
terminal_agentic,terminalbench,terminus-2 :: grok-4-0709@xai,terminus-2 :: grok-4-0709@xai,terminus-2,grok-4-0709@xai,xai/grok-4,closed,False,at least one tagged model is closed/API-only,unknown,none,base=unknown; teacher=none; lineage uncertain,89,0.231461
terminal_agentic,terminalbench,terminus-2 :: grok-code-fast-1@xai,terminus-2 :: grok-code-fast-1@xai,terminus-2,grok-code-fast-1@xai,xai/grok-code-fast,closed,False,at least one tagged model is closed/API-only,unknown,none,base=unknown; teacher=none; lineage uncertain,89,0.141573
terminal_agentic,terminalbench,terminus-2 :: kimi-k2.5@kimi,terminus-2 :: kimi-k2.5@kimi,terminus-2,kimi-k2.5@kimi,moonshot/kimi-k2,oss,True,all tagged models are OSS/open-weights,Kimi K2,none,base=Kimi K2; teacher=none; Moonshot Kimi K2 open-weights MoE,89,0.432022
terminal_agentic,terminalbench,terminus-2 :: minimax-m2.1@openai,terminus-2 :: minimax-m2.1@openai,terminus-2,minimax-m2.1@openai,minimax/minimax-m2,oss,True,all tagged models are OSS/open-weights,MiniMax M2,none,base=MiniMax M2; teacher=none; MiniMax M2 open-weights family,89,0.292135
terminal_agentic,terminalbench,terminus-2 :: minimax-m2.5@Minimax,terminus-2 :: minimax-m2.5@Minimax,terminus-2,minimax-m2.5@Minimax,minimax/minimax-m2,oss,True,all tagged models are OSS/open-weights,MiniMax M2,none,base=MiniMax M2; teacher=none; MiniMax M2 open-weights family,89,0.422472
terminal_agentic,terminalbench,terminus-2 :: moonshotai/Kimi-K2-Instruct-0905@together_ai,terminus-2 :: moonshotai/Kimi-K2-Instruct-0905@together_ai,terminus-2,moonshotai/Kimi-K2-Instruct-0905@together_ai,moonshot/kimi-k2,oss,True,all tagged models are OSS/open-weights,Kimi K2,none,base=Kimi K2; teacher=none; Moonshot Kimi K2 open-weights MoE,89,0.277903
terminal_agentic,terminalbench,terminus-2 :: moonshotai/Kimi-K2-Thinking@together_ai,terminus-2 :: moonshotai/Kimi-K2-Thinking@together_ai,terminus-2,moonshotai/Kimi-K2-Thinking@together_ai,moonshot/kimi-k2,oss,True,all tagged models are OSS/open-weights,Kimi K2,none,base=Kimi K2; teacher=none; Moonshot Kimi K2 open-weights MoE,89,0.357303
terminal_agentic,terminalbench,terminus-2 :: openai/gpt-oss-120b@together_ai,terminus-2 :: openai/gpt-oss-120b@together_ai,terminus-2,openai/gpt-oss-120b@together_ai,openai/gpt-oss-120b,oss,True,all tagged models are OSS/open-weights,gpt-oss-120b,OpenAI distillation/alignment (uncertain),base=gpt-oss-120b; teacher=OpenAI distillation/alignment (uncertain); OpenAI gpt-oss open-weights family,89,0.186891
terminal_agentic,terminalbench,terminus-2 :: openai/gpt-oss-20b@together_ai,terminus-2 :: openai/gpt-oss-20b@together_ai,terminus-2,openai/gpt-oss-20b@together_ai,openai/gpt-oss-20b,oss,True,all tagged models are OSS/open-weights,gpt-oss-20b,OpenAI distillation/alignment (uncertain),base=gpt-oss-20b; teacher=OpenAI distillation/alignment (uncertain); OpenAI gpt-oss open-weights family,89,0.030712
terminal_agentic,terminalbench,terminus-3-3 :: claude-opus-4-6@anthropic,terminus-3-3 :: claude-opus-4-6@anthropic,terminus-3-3,claude-opus-4-6@anthropic,anthropic/claude-opus-4,closed,False,at least one tagged model is closed/API-only,unknown,none,base=unknown; teacher=none; lineage uncertain,89,0.747191
terminal_agentic,terminalbench,terminus-3-3 :: gemini-3.1-pro-preview@Google,terminus-3-3 :: gemini-3.1-pro-preview@Google,terminus-3-3,gemini-3.1-pro-preview@Google,google/gemini-3,closed,False,at least one tagged model is closed/API-only,unknown,none,base=unknown; teacher=none; lineage uncertain,89,0.748315
